/*
 Navicat Premium Data Transfer

 Source Server         : 192.168.31.77_3306
 Source Server Type    : MySQL
 Source Server Version : 100410
 Source Host           : 192.168.31.77:3306
 Source Schema         : spc

 Target Server Type    : MySQL
 Target Server Version : 100410
 File Encoding         : 65001

 Date: 11/09/2020 10:38:30
*/

SET NAMES utf8mb4;
SET FOREIGN_KEY_CHECKS = 0;

-- ----------------------------
-- Table structure for aoi_ng_types
-- ----------------------------
DROP TABLE IF EXISTS `aoi_ng_types`;
CREATE TABLE `aoi_ng_types`  (
  `id` varchar(50) CHARACTER SET utf8 COLLATE utf8_general_ci NOT NULL,
  `ng_str` varchar(255) CHARACTER SET utf8 COLLATE utf8_general_ci NULL DEFAULT NULL COMMENT '缺陷名\r\n',
  `software_id` varchar(50) CHARACTER SET utf8 COLLATE utf8_general_ci NOT NULL COMMENT '制程ID',
  `create_time` datetime(0) NULL DEFAULT NULL,
  PRIMARY KEY (`id`) USING BTREE,
  INDEX `ng_types_ibfk_1`(`software_id`) USING BTREE,
  CONSTRAINT `aoi_ng_types_ibfk_1` FOREIGN KEY (`software_id`) REFERENCES `aoi_softwares` (`id`) ON DELETE RESTRICT ON UPDATE CASCADE
) ENGINE = InnoDB CHARACTER SET = utf8 COLLATE = utf8_general_ci ROW_FORMAT = Compact;

-- ----------------------------
-- Records of aoi_ng_types
-- ----------------------------
INSERT INTO `aoi_ng_types` VALUES ('26185128050787328', 'dianzhuang-yiwu', '26185128046330880', '2020-09-11 09:25:37');
INSERT INTO `aoi_ng_types` VALUES ('26185128050803712', 'huashang', '26185128046330880', '2020-09-11 09:25:37');
INSERT INTO `aoi_ng_types` VALUES ('26185128050803713', 'zhanxi', '26185128046330880', '2020-09-11 09:25:37');
INSERT INTO `aoi_ng_types` VALUES ('26185128050820096', 'xizhu', '26185128046330880', '2020-09-11 09:25:37');
INSERT INTO `aoi_ng_types` VALUES ('26185128050820097', 'yanghua', '26185128046330880', '2020-09-11 09:25:37');
INSERT INTO `aoi_ng_types` VALUES ('26185128050836480', 'xianwei', '26185128046330880', '2020-09-11 09:25:37');
INSERT INTO `aoi_ng_types` VALUES ('26185189614191616', 'yiwu-xianwei', '26185189603230720', '2020-09-11 10:28:15');
INSERT INTO `aoi_ng_types` VALUES ('26185189614191617', 'jinmian-wuran', '26185189603230720', '2020-09-11 10:28:15');
INSERT INTO `aoi_ng_types` VALUES ('26185189614191618', 'jinmian-yiwu', '26185189603230720', '2020-09-11 10:28:15');
INSERT INTO `aoi_ng_types` VALUES ('26185189614191619', 'yiwu-pianzhuang', '26185189603230720', '2020-09-11 10:28:15');
INSERT INTO `aoi_ng_types` VALUES ('26185189614191620', 'yuanjian-xizhu', '26185189603230720', '2020-09-11 10:28:15');
INSERT INTO `aoi_ng_types` VALUES ('26185189614191621', 'jinmian-zhanxi', '26185189603230720', '2020-09-11 10:28:15');
INSERT INTO `aoi_ng_types` VALUES ('26185189614191622', 'jinmian-huashang', '26185189603230720', '2020-09-11 10:28:15');
INSERT INTO `aoi_ng_types` VALUES ('26185189614191623', 'jinmian-pianshang', '26185189603230720', '2020-09-11 10:28:15');

-- ----------------------------
-- Table structure for aoi_pcbs
-- ----------------------------
DROP TABLE IF EXISTS `aoi_pcbs`;
CREATE TABLE `aoi_pcbs`  (
  `id` varchar(50) CHARACTER SET utf8 COLLATE utf8_general_ci NOT NULL,
  `software_id` varchar(50) CHARACTER SET utf8 COLLATE utf8_general_ci NULL DEFAULT NULL COMMENT '关联的程式id',
  `pcb_number` varchar(250) CHARACTER SET utf8 COLLATE utf8_general_ci NULL DEFAULT NULL COMMENT '编号',
  `pcb_name` varchar(250) CHARACTER SET utf8 COLLATE utf8_general_ci NULL DEFAULT '' COMMENT '名字',
  `carrier_width` int(11) NULL DEFAULT NULL COMMENT '载板宽',
  `carrier_height` int(11) NULL DEFAULT NULL COMMENT '载板高',
  `pcb_width` int(11) NOT NULL COMMENT 'pcb宽',
  `pcb_height` int(11) NOT NULL COMMENT 'pcb高',
  `pcb_childen_number` int(11) NOT NULL COMMENT '子集板数量',
  `pcb_path` varchar(250) CHARACTER SET utf8 COLLATE utf8_general_ci NULL DEFAULT NULL COMMENT 'pcb检测信息的相对路径以\\开头',
  `ng_count` int(11) NULL DEFAULT NULL COMMENT 'ng缺陷的数量',
  `is_misjudge` int(11) NOT NULL COMMENT '是否误判, 0否 1是, 只要results下有一个误判，那该值就改为1',
  `is_error` int(11) NOT NULL COMMENT '是否报错, 0否 1是',
  `create_time` datetime(0) NOT NULL,
  PRIMARY KEY (`id`) USING BTREE,
  INDEX `software_id`(`software_id`) USING BTREE,
  CONSTRAINT `aoi_pcbs_ibfk_1` FOREIGN KEY (`software_id`) REFERENCES `aoi_softwares` (`id`) ON DELETE CASCADE ON UPDATE CASCADE
) ENGINE = InnoDB CHARACTER SET = utf8 COLLATE = utf8_general_ci ROW_FORMAT = Dynamic;

-- ----------------------------
-- Records of aoi_pcbs
-- ----------------------------
INSERT INTO `aoi_pcbs` VALUES ('26185127684146176', '26185128046330880', NULL, '504-1694-1A', 0, 0, 220, 90, 8, '\\Power-Ftp\\2020-09-11\\26185127684146176', 101, 0, 0, '2020-09-11 09:25:37');
INSERT INTO `aoi_pcbs` VALUES ('26185184368788480', '26185128046330880', NULL, '504-1694-1A', 0, 0, 220, 90, 8, '\\Power-Ftp\\2020-09-11\\26185184368788480', 7, 0, 0, '2020-09-11 10:23:01');
INSERT INTO `aoi_pcbs` VALUES ('26185189158257664', '26185189603230720', NULL, 'test', 0, 0, 220, 90, 8, '\\Power-Ftp\\2020-09-11\\26185189158257664', 341, 0, 0, '2020-09-11 10:28:14');

-- ----------------------------
-- Table structure for aoi_pcs
-- ----------------------------
DROP TABLE IF EXISTS `aoi_pcs`;
CREATE TABLE `aoi_pcs`  (
  `id` varchar(50) CHARACTER SET utf8 COLLATE utf8_general_ci NOT NULL,
  `pc_name` varchar(255) CHARACTER SET utf8 COLLATE utf8_general_ci NULL DEFAULT NULL COMMENT '主机识别标识',
  `pc_ip` varchar(50) CHARACTER SET utf8 COLLATE utf8_general_ci NULL DEFAULT NULL COMMENT '主机ip',
  `create_time` datetime(0) NULL DEFAULT NULL,
  PRIMARY KEY (`id`) USING BTREE
) ENGINE = InnoDB CHARACTER SET = utf8 COLLATE = utf8_general_ci ROW_FORMAT = Compact;

-- ----------------------------
-- Records of aoi_pcs
-- ----------------------------
INSERT INTO `aoi_pcs` VALUES ('26185128040694784', 'CHENSENWELLS', '192.168.31.162', '2020-09-11 09:25:37');
INSERT INTO `aoi_pcs` VALUES ('26185189598331904', 'DESKTOP-0TOHB2C', '192.168.31.83', '2020-09-11 10:28:14');

-- ----------------------------
-- Table structure for aoi_results
-- ----------------------------
DROP TABLE IF EXISTS `aoi_results`;
CREATE TABLE `aoi_results`  (
  `id` varchar(50) CHARACTER SET utf8 COLLATE utf8_general_ci NOT NULL,
  `is_back` int(11) NOT NULL COMMENT '是否是背面{0：正面 1：背面}',
  `score` float(11, 11) NULL DEFAULT NULL COMMENT 'AI得分',
  `pcb_id` varchar(50) CHARACTER SET utf8 COLLATE utf8_general_ci NOT NULL COMMENT '对应的aoi_pcbs表的id',
  `area` varchar(250) CHARACTER SET utf8 COLLATE utf8_general_ci NULL DEFAULT NULL COMMENT '缺陷在整板的区域',
  `region` varchar(50) CHARACTER SET utf8 COLLATE utf8_general_ci NULL DEFAULT NULL COMMENT '缺陷在part_image_path图片的区域',
  `ng_type_id` varchar(50) CHARACTER SET utf8 COLLATE utf8_general_ci NULL DEFAULT NULL COMMENT '对应aoi_ng_types表的缺陷id',
  `is_misjudge` int(11) NOT NULL COMMENT '是否误判, 0否 1是',
  `result_ng_type_id` varchar(50) CHARACTER SET utf8 COLLATE utf8_general_ci NULL DEFAULT NULL COMMENT '人工复判的结果对应aoi_ng_types表的缺陷id',
  `part_image_path` varchar(250) CHARACTER SET utf8 COLLATE utf8_general_ci NULL DEFAULT NULL COMMENT '缺陷图存储的相对于pcb目录的路径',
  `create_time` datetime(0) NOT NULL,
  PRIMARY KEY (`id`) USING BTREE,
  INDEX `IX_pcb_id`(`pcb_id`) USING BTREE,
  INDEX `ng_type_id`(`ng_type_id`) USING BTREE,
  CONSTRAINT `FK_results_pcbs_pcb_id` FOREIGN KEY (`pcb_id`) REFERENCES `aoi_pcbs` (`id`) ON DELETE CASCADE ON UPDATE CASCADE,
  CONSTRAINT `aoi_results_ibfk_1` FOREIGN KEY (`ng_type_id`) REFERENCES `aoi_ng_types` (`id`) ON DELETE RESTRICT ON UPDATE RESTRICT
) ENGINE = InnoDB CHARACTER SET = utf8 COLLATE = utf8_general_ci ROW_FORMAT = Dynamic;

-- ----------------------------
-- Records of aoi_results
-- ----------------------------
INSERT INTO `aoi_results` VALUES ('26185127751746560', 0, 0.29757666588, '26185127684146176', '13695,1706,20,16', '94,628,40,32', '26185128050803712', -1, '26185128050803712', '\\results\\front_0_26185127745356800.jpg', '2020-09-11 09:25:19');
INSERT INTO `aoi_results` VALUES ('26185127757448192', 1, 0.43288114667, '26185127684146176', '13238,3273,14,16', '1528,694,28,32', '26185128050820096', -1, '26185128050820096', '\\results\\back_3_26185127755187200.jpg', '2020-09-11 09:25:19');
INSERT INTO `aoi_results` VALUES ('26185127758447616', 1, 0.41871950030, '26185127684146176', '13152,3706,17,16', '1356,1560,34,32', '26185128050787328', -1, '26185128050787328', '\\results\\back_3_26185127755187200.jpg', '2020-09-11 09:25:19');
INSERT INTO `aoi_results` VALUES ('26185127760397312', 0, 0.71064913273, '26185127684146176', '10364,1678,15,16', '196,572,30,32', '26185128050803712', -1, '26185128050803712', '\\results\\front_4_26185127758627840.jpg', '2020-09-11 09:25:19');
INSERT INTO `aoi_results` VALUES ('26185127770457088', 1, 0.51010537148, '26185127684146176', '10259,2450,16,13', '278,1084,32,26', '26185128050787328', -1, '26185128050787328', '\\results\\back_7_26185127768015872.jpg', '2020-09-11 09:25:20');
INSERT INTO `aoi_results` VALUES ('26185127778665472', 1, 0.40402898192, '26185127684146176', '10292,3650,17,15', '344,1448,34,30', '26185128050820097', -1, '26185128050820097', '\\results\\back_8_26185127776355328.jpg', '2020-09-11 09:25:21');
INSERT INTO `aoi_results` VALUES ('26185127778665473', 1, 0.36236131191, '26185127684146176', '10387,3626,16,15', '534,1400,32,30', '26185128050820097', -1, '26185128050820097', '\\results\\back_8_26185127776355328.jpg', '2020-09-11 09:25:21');
INSERT INTO `aoi_results` VALUES ('26185127778665474', 1, 0.42568051815, '26185127684146176', '10222,3734,18,17', '204,1616,36,34', '26185128050787328', -1, '26185128050787328', '\\results\\back_8_26185127776355328.jpg', '2020-09-11 09:25:21');
INSERT INTO `aoi_results` VALUES ('26185127782319104', 0, 0.29019296169, '26185127684146176', '8450,1762,15,17', '1784,740,30,34', '26185128050787328', -1, '26185128050787328', '\\results\\front_7_26185127779288064.jpg', '2020-09-11 09:25:21');
INSERT INTO `aoi_results` VALUES ('26185127787250688', 1, 0.42951697111, '26185127684146176', '10635,4105,15,14', '1030,322,30,28', '26185128050803713', -1, '26185128050803713', '\\results\\back_11_26185127785481216.jpg', '2020-09-11 09:25:21');
INSERT INTO `aoi_results` VALUES ('26185127787709440', 1, 0.45219314098, '26185127684146176', '10626,4574,20,19', '1012,1260,40,38', '26185128050820097', -1, '26185128050820097', '\\results\\back_11_26185127785481216.jpg', '2020-09-11 09:25:21');
INSERT INTO `aoi_results` VALUES ('26185127805387776', 1, 0.60077852011, '26185127684146176', '8672,3125,16,18', '476,398,32,36', '26185128050820096', -1, '26185128050820096', '\\results\\back_14_26185127802831872.jpg', '2020-09-11 09:25:22');
INSERT INTO `aoi_results` VALUES ('26185127805387777', 1, 0.37008357048, '26185127684146176', '8653,3273,14,15', '438,694,28,30', '26185128050820096', -1, '26185128050820096', '\\results\\back_14_26185127802831872.jpg', '2020-09-11 09:25:22');
INSERT INTO `aoi_results` VALUES ('26185127808254976', 0, 0.33226141334, '26185127684146176', '3927,1730,20,20', '848,676,40,40', '26185128050803712', -1, '26185128050803712', '\\results\\front_12_26185127805748224.jpg', '2020-09-11 09:25:22');
INSERT INTO `aoi_results` VALUES ('26185127808254977', 0, 0.20236203074, '26185127684146176', '3650,1761,14,17', '294,738,28,34', '26185128050787328', -1, '26185128050787328', '\\results\\front_12_26185127805748224.jpg', '2020-09-11 09:25:22');
INSERT INTO `aoi_results` VALUES ('26185127811253248', 1, 0.78039371967, '26185127684146176', '9858,3260,15,17', '1512,668,30,34', '26185128050820096', -1, '26185128050820096', '\\results\\back_15_26185127809025024.jpg', '2020-09-11 09:25:23');
INSERT INTO `aoi_results` VALUES ('26185127812269056', 1, 0.41164696217, '26185127684146176', '10004,3707,18,14', '1804,1562,36,28', '26185128050787328', -1, '26185128050787328', '\\results\\back_15_26185127809025024.jpg', '2020-09-11 09:25:23');
INSERT INTO `aoi_results` VALUES ('26185127814087680', 0, 0.35116901994, '26185127684146176', '3008,1892,20,11', '1046,1000,40,22', '26185128050803712', -1, '26185128050803712', '\\results\\front_13_26185127811744768.jpg', '2020-09-11 09:25:23');
INSERT INTO `aoi_results` VALUES ('26185127818249216', 1, 0.86719685793, '26185127684146176', '9778,2559,15,14', '1352,1302,30,28', '26185128050787328', -1, '26185128050787328', '\\results\\back_16_26185127814824960.jpg', '2020-09-11 09:25:23');
INSERT INTO `aoi_results` VALUES ('26185127819543552', 0, 0.53417438269, '26185127684146176', '1945,1868,17,14', '264,952,34,28', '26185128050787328', -1, '26185128050787328', '\\results\\front_14_26185127817544704.jpg', '2020-09-11 09:25:23');
INSERT INTO `aoi_results` VALUES ('26185127823049728', 1, 0.52824544907, '26185127684146176', '8633,2016,14,13', '398,216,28,26', '26185128050787328', -1, '26185128050787328', '\\results\\back_17_26185127820755968.jpg', '2020-09-11 09:25:23');
INSERT INTO `aoi_results` VALUES ('26185127824065536', 1, 0.48525738716, '26185127684146176', '8733,2541,12,14', '598,1266,24,28', '26185128050787328', -1, '26185128050787328', '\\results\\back_17_26185127820755968.jpg', '2020-09-11 09:25:23');
INSERT INTO `aoi_results` VALUES ('26185127826392064', 0, 0.32152727246, '26185127684146176', '1561,1849,16,20', '1532,914,32,40', '26185128050803712', -1, '26185128050803712', '\\results\\front_15_26185127823492096.jpg', '2020-09-11 09:25:23');
INSERT INTO `aoi_results` VALUES ('26185127828866048', 1, 0.62308877707, '26185127684146176', '7963,2251,16,15', '1094,686,32,30', '26185128050787328', -1, '26185128050787328', '\\results\\back_18_26185127826539520.jpg', '2020-09-11 09:25:24');
INSERT INTO `aoi_results` VALUES ('26185127831421952', 0, 0.68378335238, '26185127684146176', '1754,3002,21,13', '1922,822,42,26', '26185128050787328', -1, '26185128050787328', '\\results\\front_16_26185127829128192.jpg', '2020-09-11 09:25:24');
INSERT INTO `aoi_results` VALUES ('26185127831421953', 0, 0.38787290454, '26185127684146176', '1791,3035,16,18', '1996,888,32,36', '26185128050787328', -1, '26185128050787328', '\\results\\front_16_26185127829128192.jpg', '2020-09-11 09:25:24');
INSERT INTO `aoi_results` VALUES ('26185127831421954', 0, 0.37881967425, '26185127684146176', '1679,3079,16,18', '1772,976,32,36', '26185128050787328', -1, '26185128050787328', '\\results\\front_16_26185127829128192.jpg', '2020-09-11 09:25:24');
INSERT INTO `aoi_results` VALUES ('26185127831913472', 0, 0.38631343842, '26185127684146176', '1600,3370,15,20', '1614,1558,30,40', '26185128050787328', -1, '26185128050787328', '\\results\\front_16_26185127829128192.jpg', '2020-09-11 09:25:24');
INSERT INTO `aoi_results` VALUES ('26185127839958016', 1, 0.43957707286, '26185127684146176', '6962,3039,15,15', '428,226,30,30', '26185128050820096', -1, '26185128050820096', '\\results\\back_20_26185127838008320.jpg', '2020-09-11 09:25:24');
INSERT INTO `aoi_results` VALUES ('26185127840777216', 1, 0.41058352590, '26185127684146176', '6929,3771,14,17', '362,1690,28,34', '26185128050787328', -1, '26185128050787328', '\\results\\back_20_26185127838008320.jpg', '2020-09-11 09:25:24');
INSERT INTO `aoi_results` VALUES ('26185127841285120', 1, 0.25678777695, '26185127684146176', '7279,3933,18,10', '1062,2014,36,20', '26185128050836480', -1, '26185128050836480', '\\results\\back_20_26185127838008320.jpg', '2020-09-11 09:25:24');
INSERT INTO `aoi_results` VALUES ('26185127841285121', 1, 0.43198451400, '26185127684146176', '7296,3899,16,15', '1096,1946,32,30', '26185128050787328', -1, '26185128050787328', '\\results\\back_20_26185127838008320.jpg', '2020-09-11 09:25:24');
INSERT INTO `aoi_results` VALUES ('26185127842825216', 0, 0.85566830635, '26185127684146176', '3255,3006,18,13', '1544,830,36,26', '26185128050787328', -1, '26185128050787328', '\\results\\front_18_26185127840711680.jpg', '2020-09-11 09:25:24');
INSERT INTO `aoi_results` VALUES ('26185127849165824', 0, 0.43051287532, '26185127684146176', '3930,3581,18,15', '858,1980,36,30', '26185128050787328', -1, '26185128050787328', '\\results\\front_19_26185127846495232.jpg', '2020-09-11 09:25:25');
INSERT INTO `aoi_results` VALUES ('26185127851295744', 1, 0.47613558173, '26185127684146176', '8215,4404,15,16', '1598,920,30,32', '26185128050803713', -1, '26185128050803713', '\\results\\back_22_26185127849591808.jpg', '2020-09-11 09:25:25');
INSERT INTO `aoi_results` VALUES ('26185127852721152', 1, 0.39117684960, '26185127684146176', '8076,4757,17,15', '1320,1626,34,30', '26185128050803712', -1, '26185128050803712', '\\results\\back_22_26185127849591808.jpg', '2020-09-11 09:25:25');
INSERT INTO `aoi_results` VALUES ('26185127853999104', 0, 0.68402284384, '26185127684146176', '5123,3035,15,18', '1898,888,30,36', '26185128050787328', -1, '26185128050787328', '\\results\\front_20_26185127852196864.jpg', '2020-09-11 09:25:25');
INSERT INTO `aoi_results` VALUES ('26185127854015488', 0, 0.39660862088, '26185127684146176', '5137,3048,16,16', '1926,914,32,32', '26185128050787328', -1, '26185128050787328', '\\results\\front_20_26185127852196864.jpg', '2020-09-11 09:25:25');
INSERT INTO `aoi_results` VALUES ('26185127854949376', 0, 0.43781340122, '26185127684146176', '4991,3124,21,12', '1634,1066,42,24', '26185128050820097', -1, '26185128050820097', '\\results\\front_20_26185127852196864.jpg', '2020-09-11 09:25:25');
INSERT INTO `aoi_results` VALUES ('26185127862535168', 1, 0.32538372278, '26185127684146176', '6166,3977,17,19', '872,66,34,38', '26185128050803712', -1, '26185128050803712', '\\results\\back_24_26185127860798464.jpg', '2020-09-11 09:25:26');
INSERT INTO `aoi_results` VALUES ('26185127863501824', 1, 0.32485705614, '26185127684146176', '6236,3944,26,23', '1012,0,52,46', '26185128050803712', -1, '26185128050803712', '\\results\\back_24_26185127860798464.jpg', '2020-09-11 09:25:26');
INSERT INTO `aoi_results` VALUES ('26185127865631744', 0, 0.60639363527, '26185127684146176', '6448,3024,16,19', '1166,866,32,38', '26185128050787328', -1, '26185128050787328', '\\results\\front_22_26185127863518208.jpg', '2020-09-11 09:25:26');
INSERT INTO `aoi_results` VALUES ('26185127865648128', 0, 0.40020814538, '26185127684146176', '6767,3045,18,11', '1804,908,36,22', '26185128050787328', -1, '26185128050787328', '\\results\\front_22_26185127863518208.jpg', '2020-09-11 09:25:26');
INSERT INTO `aoi_results` VALUES ('26185127874315264', 1, 0.88471335173, '26185127684146176', '5291,3104,16,18', '458,356,32,36', '26185128050820096', -1, '26185128050820096', '\\results\\back_26_26185127872168960.jpg', '2020-09-11 09:25:26');
INSERT INTO `aoi_results` VALUES ('26185127874839552', 1, 0.52302902937, '26185127684146176', '5312,3595,18,14', '500,1338,36,28', '26185128050787328', -1, '26185128050787328', '\\results\\back_26_26185127872168960.jpg', '2020-09-11 09:25:26');
INSERT INTO `aoi_results` VALUES ('26185127878116352', 0, 0.54102677107, '26185127684146176', '8071,3243,17,16', '1030,1304,34,32', '26185128050787328', -1, '26185128050787328', '\\results\\front_24_26185127874790400.jpg', '2020-09-11 09:25:27');
INSERT INTO `aoi_results` VALUES ('26185127879508992', 1, 0.57915663719, '26185127684146176', '6462,3243,15,14', '1464,634,30,28', '26185128050820096', -1, '26185128050820096', '\\results\\back_27_26185127877821440.jpg', '2020-09-11 09:25:27');
INSERT INTO `aoi_results` VALUES ('26185127879508993', 1, 0.49903902411, '26185127684146176', '6490,3105,14,15', '1520,358,28,30', '26185128050820096', -1, '26185128050820096', '\\results\\back_27_26185127877821440.jpg', '2020-09-11 09:25:27');
INSERT INTO `aoi_results` VALUES ('26185127880016896', 1, 0.55675047636, '26185127684146176', '6359,3706,13,13', '1258,1560,26,26', '26185128050787328', -1, '26185128050787328', '\\results\\back_27_26185127877821440.jpg', '2020-09-11 09:25:27');
INSERT INTO `aoi_results` VALUES ('26185127883211776', 0, 0.62270551920, '26185127684146176', '9023,3271,16,15', '898,1360,32,30', '26185128050787328', -1, '26185128050787328', '\\results\\front_25_26185127880459264.jpg', '2020-09-11 09:25:27');
INSERT INTO `aoi_results` VALUES ('26185127883211777', 0, 0.60789066553, '26185127684146176', '8635,3459,19,17', '122,1736,38,34', '26185128050787328', -1, '26185128050787328', '\\results\\front_25_26185127880459264.jpg', '2020-09-11 09:25:27');
INSERT INTO `aoi_results` VALUES ('26185127883211778', 0, 0.39696338773, '26185127684146176', '8947,3475,17,14', '746,1768,34,28', '26185128050787328', -1, '26185128050787328', '\\results\\front_25_26185127880459264.jpg', '2020-09-11 09:25:27');
INSERT INTO `aoi_results` VALUES ('26185127891567616', 1, 0.80296599865, '26185127684146176', '5100,2273,25,30', '76,730,50,60', '26185128050787328', -1, '26185128050787328', '\\results\\back_29_26185127889290240.jpg', '2020-09-11 09:25:27');
INSERT INTO `aoi_results` VALUES ('26185127891567617', 1, 0.55216586590, '26185127684146176', '5217,2091,18,14', '310,366,36,28', '26185128050787328', -1, '26185128050787328', '\\results\\back_29_26185127889290240.jpg', '2020-09-11 09:25:27');
INSERT INTO `aoi_results` VALUES ('26185127891616768', 1, 0.41780126095, '26185127684146176', '5369,2612,16,15', '614,1408,32,30', '26185128050787328', -1, '26185128050787328', '\\results\\back_29_26185127889290240.jpg', '2020-09-11 09:25:27');
INSERT INTO `aoi_results` VALUES ('26185127891616769', 1, 0.42742750049, '26185127684146176', '5362,2566,17,16', '600,1316,34,32', '26185128050787328', -1, '26185128050787328', '\\results\\back_29_26185127889290240.jpg', '2020-09-11 09:25:27');
INSERT INTO `aoi_results` VALUES ('26185127893812224', 0, 0.61312121153, '26185127684146176', '10393,3176,14,16', '258,1170,28,32', '26185128050787328', -1, '26185128050787328', '\\results\\front_27_26185127891993600.jpg', '2020-09-11 09:25:28');
INSERT INTO `aoi_results` VALUES ('26185127897842688', 1, 0.58209818602, '26185127684146176', '4559,2363,14,17', '1030,910,28,34', '26185128050787328', -1, '26185128050787328', '\\results\\back_30_26185127894909952.jpg', '2020-09-11 09:25:28');
INSERT INTO `aoi_results` VALUES ('26185127900021760', 1, 0.41257902980, '26185127684146176', '3698,2391,13,15', '644,966,26,30', '26185128050787328', -1, '26185128050787328', '\\results\\back_31_26185127898055680.jpg', '2020-09-11 09:25:28');
INSERT INTO `aoi_results` VALUES ('26185127900021761', 1, 0.42626094818, '26185127684146176', '3499,1981,15,19', '246,146,30,38', '26185128050803712', -1, '26185128050803712', '\\results\\back_31_26185127898055680.jpg', '2020-09-11 09:25:28');
INSERT INTO `aoi_results` VALUES ('26185127901266944', 1, 0.77448642254, '26185127684146176', '3817,2699,17,18', '882,1582,34,36', '26185128050787328', -1, '26185128050787328', '\\results\\back_31_26185127898055680.jpg', '2020-09-11 09:25:28');
INSERT INTO `aoi_results` VALUES ('26185127901266945', 1, 0.46373152733, '26185127684146176', '3473,2647,14,15', '194,1478,28,30', '26185128050787328', -1, '26185128050787328', '\\results\\back_31_26185127898055680.jpg', '2020-09-11 09:25:28');
INSERT INTO `aoi_results` VALUES ('26185127906984960', 1, 0.24877195060, '26185127684146176', '3878,3906,8,18', '1004,1960,16,36', '26185128050836480', -1, '26185128050836480', '\\results\\back_32_26185127903790080.jpg', '2020-09-11 09:25:28');
INSERT INTO `aoi_results` VALUES ('26185127909622784', 0, 0.80661994219, '26185127684146176', '14156,3214,15,18', '1020,1246,30,36', '26185128050787328', -1, '26185128050787328', '\\results\\front_31_26185127906444288.jpg', '2020-09-11 09:25:29');
INSERT INTO `aoi_results` VALUES ('26185127912571904', 1, 0.48631051183, '26185127684146176', '4787,3027,15,18', '1486,202,30,36', '26185128050820096', -1, '26185128050820096', '\\results\\back_33_26185127909426176.jpg', '2020-09-11 09:25:29');
INSERT INTO `aoi_results` VALUES ('26185127913800704', 0, 0.51911848783, '26185127684146176', '13697,4032,18,17', '102,846,36,34', '26185128050787328', -1, '26185128050787328', '\\results\\front_32_26185127912047616.jpg', '2020-09-11 09:25:29');
INSERT INTO `aoi_results` VALUES ('26185127918388224', 1, 0.48019990325, '26185127684146176', '5042,4827,18,21', '1996,1766,36,42', '26185128050803712', -1, '26185128050803712', '\\results\\back_34_26185127915095040.jpg', '2020-09-11 09:25:29');
INSERT INTO `aoi_results` VALUES ('26185127920272384', 0, 0.45329463482, '26185127684146176', '13363,3609,18,17', '1470,0,36,34', '26185128050787328', -1, '26185128050787328', '\\results\\front_33_26185127917863936.jpg', '2020-09-11 09:25:29');
INSERT INTO `aoi_results` VALUES ('26185127923581952', 1, 0.48804566264, '26185127684146176', '3709,4388,11,16', '666,888,22,32', '26185128050803713', -1, '26185128050803713', '\\results\\back_35_26185127920731136.jpg', '2020-09-11 09:25:29');
INSERT INTO `aoi_results` VALUES ('26185127923581953', 1, 0.42332655191, '26185127684146176', '3852,4303,15,16', '952,718,30,32', '26185128050787328', -1, '26185128050787328', '\\results\\back_35_26185127920731136.jpg', '2020-09-11 09:25:29');
INSERT INTO `aoi_results` VALUES ('26185127924057088', 1, 0.51355218887, '26185127684146176', '3638,4728,13,21', '524,1568,26,42', '26185128050787328', -1, '26185128050787328', '\\results\\back_35_26185127920731136.jpg', '2020-09-11 09:25:29');
INSERT INTO `aoi_results` VALUES ('26185127924057089', 1, 0.43161928654, '26185127684146176', '3405,4636,13,15', '58,1384,26,30', '26185128050803712', -1, '26185128050803712', '\\results\\back_35_26185127920731136.jpg', '2020-09-11 09:25:29');
INSERT INTO `aoi_results` VALUES ('26185127928562688', 1, 0.73103100061, '26185127684146176', '2944,4059,15,14', '1172,230,30,28', '26185128050820096', -1, '26185128050820096', '\\results\\back_36_26185127926367232.jpg', '2020-09-11 09:25:30');
INSERT INTO `aoi_results` VALUES ('26185127929709568', 1, 0.46355935931, '26185127684146176', '2936,4886,19,19', '1156,1884,38,38', '26185128050787328', -1, '26185128050787328', '\\results\\back_36_26185127926367232.jpg', '2020-09-11 09:25:30');
INSERT INTO `aoi_results` VALUES ('26185127929725952', 1, 0.57318300009, '26185127684146176', '3186,4835,14,14', '1656,1782,28,28', '26185128050787328', -1, '26185128050787328', '\\results\\back_36_26185127926367232.jpg', '2020-09-11 09:25:30');
INSERT INTO `aoi_results` VALUES ('26185127933789184', 1, 0.23800060153, '26185127684146176', '1950,4846,18,17', '520,1804,36,34', '26185128050836480', -1, '26185128050836480', '\\results\\back_37_26185127932036096.jpg', '2020-09-11 09:25:30');
INSERT INTO `aoi_results` VALUES ('26185127936918528', 0, 0.66298133135, '26185127684146176', '8852,3938,16,15', '556,658,32,30', '26185128050787328', -1, '26185128050787328', '\\results\\front_38_26185127935001600.jpg', '2020-09-11 09:25:30');
INSERT INTO `aoi_results` VALUES ('26185127939556352', 1, 0.68849539757, '26185127684146176', '1884,3095,16,20', '388,338,32,40', '26185128050820096', -1, '26185128050820096', '\\results\\back_38_26185127937606656.jpg', '2020-09-11 09:25:30');
INSERT INTO `aoi_results` VALUES ('26185127939769344', 1, 0.56150740385, '26185127684146176', '2098,3709,16,16', '816,1566,32,32', '26185128050787328', -1, '26185128050787328', '\\results\\back_38_26185127937606656.jpg', '2020-09-11 09:25:30');
INSERT INTO `aoi_results` VALUES ('26185127943390208', 0, 0.55022442341, '26185127684146176', '8121,3731,15,20', '1130,244,30,40', '26185128050820097', -1, '26185128050820097', '\\results\\front_39_26185127940588544.jpg', '2020-09-11 09:25:31');
INSERT INTO `aoi_results` VALUES ('26185127945962496', 1, 0.64750772715, '26185127684146176', '2985,3186,16,18', '1254,520,32,36', '26185128050787328', -1, '26185128050787328', '\\results\\back_39_26185127943291904.jpg', '2020-09-11 09:25:31');
INSERT INTO `aoi_results` VALUES ('26185127945962497', 1, 0.41576182842, '26185127684146176', '3082,3096,15,14', '1448,340,30,28', '26185128050820096', -1, '26185128050820096', '\\results\\back_39_26185127943291904.jpg', '2020-09-11 09:25:31');
INSERT INTO `aoi_results` VALUES ('26185127947944960', 0, 0.47413903475, '26185127684146176', '6940,4043,14,17', '114,868,28,34', '26185128050787328', -1, '26185128050787328', '\\results\\front_40_26185127946306560.jpg', '2020-09-11 09:25:31');
INSERT INTO `aoi_results` VALUES ('26185127951762432', 1, 0.24712519348, '26185127684146176', '2864,2211,10,22', '1012,606,20,44', '26185128050836480', -1, '26185128050836480', '\\results\\back_40_26185127949042688.jpg', '2020-09-11 09:25:31');
INSERT INTO `aoi_results` VALUES ('26185127955219456', 0, 0.38464963436, '26185127684146176', '6739,4256,17,14', '1748,1294,34,28', '26185128050787328', -1, '26185128050787328', '\\results\\front_41_26185127952057344.jpg', '2020-09-11 09:25:31');
INSERT INTO `aoi_results` VALUES ('26185127956497408', 1, 0.53924661875, '26185127684146176', '1736,1986,15,13', '92,156,30,26', '26185128050787328', -1, '26185128050787328', '\\results\\back_41_26185127954727936.jpg', '2020-09-11 09:25:31');
INSERT INTO `aoi_results` VALUES ('26185127968228352', 1, 0.59974455833, '26185127684146176', '1385,3644,17,18', '1426,1436,34,36', '26185128050787328', -1, '26185128050787328', '\\results\\back_43_26185127965983744.jpg', '2020-09-11 09:25:32');
INSERT INTO `aoi_results` VALUES ('26185127969391616', 1, 0.41730898619, '26185127684146176', '1564,3396,14,17', '1784,940,28,34', '26185128050787328', -1, '26185128050787328', '\\results\\back_43_26185127965983744.jpg', '2020-09-11 09:25:32');
INSERT INTO `aoi_results` VALUES ('26185127969391617', 1, 0.88401883841, '26185127684146176', '1411,3091,15,16', '1478,330,30,32', '26185128050820096', -1, '26185128050820096', '\\results\\back_43_26185127965983744.jpg', '2020-09-11 09:25:32');
INSERT INTO `aoi_results` VALUES ('26185127969391618', 1, 0.66446685791, '26185127684146176', '1424,3090,13,16', '1504,328,26,32', '26185128050820096', -1, '26185128050820096', '\\results\\back_43_26185127965983744.jpg', '2020-09-11 09:25:32');
INSERT INTO `aoi_results` VALUES ('26185127970767872', 0, 0.54117089510, '26185127684146176', '3574,4194,15,15', '146,1170,30,30', '26185128050787328', -1, '26185128050787328', '\\results\\front_44_26185127968998400.jpg', '2020-09-11 09:25:32');
INSERT INTO `aoi_results` VALUES ('26185127973569536', 1, 0.59148347378, '26185127684146176', '1115,4131,14,16', '886,374,28,32', '26185128050787328', -1, '26185128050787328', '\\results\\back_44_26185127971701760.jpg', '2020-09-11 09:25:32');
INSERT INTO `aoi_results` VALUES ('26185127974028288', 1, 0.61584424973, '26185127684146176', '1614,4391,13,19', '1884,894,26,38', '26185128050787328', -1, '26185128050787328', '\\results\\back_44_26185127971701760.jpg', '2020-09-11 09:25:32');
INSERT INTO `aoi_results` VALUES ('26185127974552576', 1, 0.41708287597, '26185127684146176', '1409,4637,12,15', '1474,1386,24,30', '26185128050787328', -1, '26185128050787328', '\\results\\back_44_26185127971701760.jpg', '2020-09-11 09:25:32');
INSERT INTO `aoi_results` VALUES ('26185127977944064', 0, 0.72682207823, '26185127684146176', '3421,4180,20,15', '1876,1142,40,30', '26185128050787328', -1, '26185128050787328', '\\results\\front_45_26185127974749184.jpg', '2020-09-11 09:25:33');
INSERT INTO `aoi_results` VALUES ('26185127977944065', 0, 0.56791186333, '26185127684146176', '3219,4173,16,14', '1472,1128,32,28', '26185128050787328', -1, '26185128050787328', '\\results\\front_45_26185127974749184.jpg', '2020-09-11 09:25:33');
INSERT INTO `aoi_results` VALUES ('26185127982121984', 0, 0.79266971350, '26185127684146176', '1947,3996,17,15', '272,774,34,30', '26185128050787328', -1, '26185128050787328', '\\results\\front_46_26185127980336128.jpg', '2020-09-11 09:25:33');
INSERT INTO `aoi_results` VALUES ('26185127982121985', 0, 0.77983784676, '26185127684146176', '1819,3834,18,17', '16,450,36,34', '26185128050787328', -1, '26185128050787328', '\\results\\front_46_26185127980336128.jpg', '2020-09-11 09:25:33');
INSERT INTO `aoi_results` VALUES ('26185127982121986', 0, 0.30654352903, '26185127684146176', '2033,4000,16,15', '444,782,32,30', '26185128050820097', -1, '26185128050820097', '\\results\\front_46_26185127980336128.jpg', '2020-09-11 09:25:33');
INSERT INTO `aoi_results` VALUES ('26185127982646272', 0, 0.42636030912, '26185127684146176', '1828,4237,19,19', '34,1256,38,38', '26185128050787328', -1, '26185128050787328', '\\results\\front_46_26185127980336128.jpg', '2020-09-11 09:25:33');
INSERT INTO `aoi_results` VALUES ('26185127984858112', 1, 0.43536174297, '26185127684146176', '13636,3213,19,18', '288,574,38,36', '26185128050787328', -1, '26185128050787328', '\\results\\back_46_26185127983072256.jpg', '2020-09-11 09:25:33');
INSERT INTO `aoi_results` VALUES ('26185184396051456', 0, 0.29757666588, '26185184368788480', '13695,1706,20,16', '94,628,40,32', '26185128050803712', -1, '26185128050803712', '\\results\\front_0_26185184393004032.jpg', '2020-09-11 10:22:56');
INSERT INTO `aoi_results` VALUES ('26185184405177344', 1, 0.43288114667, '26185184368788480', '13238,3273,14,16', '1528,694,28,32', '26185128050820096', -1, '26185128050820096', '\\results\\back_1_26185184402981888.jpg', '2020-09-11 10:22:57');
INSERT INTO `aoi_results` VALUES ('26185184406307840', 1, 0.41871950030, '26185184368788480', '13152,3706,17,16', '1356,1560,34,32', '26185128050787328', -1, '26185128050787328', '\\results\\back_1_26185184402981888.jpg', '2020-09-11 10:22:57');
INSERT INTO `aoi_results` VALUES ('26185184415499264', 0, 0.80661994219, '26185184368788480', '14156,3214,15,18', '1020,1246,30,36', '26185128050787328', -1, '26185128050787328', '\\results\\front_3_26185184412369920.jpg', '2020-09-11 10:22:57');
INSERT INTO `aoi_results` VALUES ('26185184421200896', 0, 0.51911848783, '26185184368788480', '13697,4032,18,17', '102,846,36,34', '26185128050787328', -1, '26185128050787328', '\\results\\front_4_26185184419529728.jpg', '2020-09-11 10:22:58');
INSERT INTO `aoi_results` VALUES ('26185184426361856', 1, 0.43536174297, '26185184368788480', '13636,3213,19,18', '288,574,38,36', '26185128050787328', -1, '26185128050787328', '\\results\\back_4_26185184423232512.jpg', '2020-09-11 10:22:58');
INSERT INTO `aoi_results` VALUES ('26185184428278784', 0, 0.45329463482, '26185184368788480', '13363,3609,18,17', '1470,0,36,34', '26185128050787328', -1, '26185128050787328', '\\results\\front_5_26185184426509312.jpg', '2020-09-11 10:22:58');
INSERT INTO `aoi_results` VALUES ('26185189262312448', 1, 0.94653379917, '26185189158257664', '14235,2254,35,33', '688,696,70,66', '26185189614191622', -1, '26185189614191622', '\\results\\back_0_26185189260510208.jpg', '2020-09-11 10:27:53');
INSERT INTO `aoi_results` VALUES ('26185189262328832', 1, 0.96658158302, '26185189158257664', '13947,2429,29,38', '112,1046,58,76', '26185189614191622', -1, '26185189614191622', '\\results\\back_0_26185189260510208.jpg', '2020-09-11 10:27:53');
INSERT INTO `aoi_results` VALUES ('26185189262328833', 1, 0.87457251549, '26185189158257664', '14006,2415,30,51', '230,1018,60,102', '26185189614191622', -1, '26185189614191622', '\\results\\back_0_26185189260510208.jpg', '2020-09-11 10:27:53');
INSERT INTO `aoi_results` VALUES ('26185189262328834', 1, 0.56562441587, '26185189158257664', '14118,2412,35,25', '454,1012,70,50', '26185189614191622', -1, '26185189614191622', '\\results\\back_0_26185189260510208.jpg', '2020-09-11 10:27:53');
INSERT INTO `aoi_results` VALUES ('26185189262328835', 1, 0.46074664593, '26185189158257664', '13891,2428,28,37', '0,1044,56,74', '26185189614191622', -1, '26185189614191622', '\\results\\back_0_26185189260510208.jpg', '2020-09-11 10:27:53');
INSERT INTO `aoi_results` VALUES ('26185189262328836', 1, 0.75936269760, '26185189158257664', '14179,2250,32,32', '576,688,64,64', '26185189614191622', -1, '26185189614191622', '\\results\\back_0_26185189260510208.jpg', '2020-09-11 10:27:53');
INSERT INTO `aoi_results` VALUES ('26185189262328837', 1, 0.20552892983, '26185189158257664', '14051,2882,22,25', '320,1952,44,50', '26185189614191622', -1, '26185189614191622', '\\results\\back_0_26185189260510208.jpg', '2020-09-11 10:27:53');
INSERT INTO `aoi_results` VALUES ('26185189264983040', 0, 0.32198378444, '26185189158257664', '13660,4000,35,21', '1398,978,70,42', '26185189614191623', -1, '26185189614191623', '\\results\\front_0_26185189263721472.jpg', '2020-09-11 10:27:53');
INSERT INTO `aoi_results` VALUES ('26185189264983041', 0, 0.49653369188, '26185189158257664', '13606,3925,25,29', '1290,828,50,58', '26185189614191622', -1, '26185189614191622', '\\results\\front_0_26185189263721472.jpg', '2020-09-11 10:27:53');
INSERT INTO `aoi_results` VALUES ('26185189265605632', 0, 0.28211563826, '26185189158257664', '13889,4049,39,35', '1856,1076,78,70', '26185189614191623', -1, '26185189614191623', '\\results\\front_0_26185189263721472.jpg', '2020-09-11 10:27:53');
INSERT INTO `aoi_results` VALUES ('26185189265605633', 0, 0.21456405520, '26185189158257664', '13947,4060,32,35', '1972,1098,64,70', '26185189614191623', -1, '26185189614191623', '\\results\\front_0_26185189263721472.jpg', '2020-09-11 10:27:53');
INSERT INTO `aoi_results` VALUES ('26185189265605634', 0, 0.53091371059, '26185189158257664', '13833,4109,29,34', '1744,1196,58,68', '26185189614191622', -1, '26185189614191622', '\\results\\front_0_26185189263721472.jpg', '2020-09-11 10:27:53');
INSERT INTO `aoi_results` VALUES ('26185189265605635', 0, 0.47473052144, '26185189158257664', '13600,4169,35,47', '1278,1316,70,94', '26185189614191622', -1, '26185189614191622', '\\results\\front_0_26185189263721472.jpg', '2020-09-11 10:27:53');
INSERT INTO `aoi_results` VALUES ('26185189265605636', 0, 0.36935281754, '26185189158257664', '13830,4035,36,55', '1738,1048,72,110', '26185189614191622', -1, '26185189614191622', '\\results\\front_0_26185189263721472.jpg', '2020-09-11 10:27:53');
INSERT INTO `aoi_results` VALUES ('26185189265605637', 0, 0.33975371718, '26185189158257664', '13655,4027,43,115', '1388,1032,86,230', '26185189614191622', -1, '26185189614191622', '\\results\\front_0_26185189263721472.jpg', '2020-09-11 10:27:53');
INSERT INTO `aoi_results` VALUES ('26185189265605638', 0, 0.32914143801, '26185189158257664', '13545,4067,32,75', '1168,1112,64,150', '26185189614191622', -1, '26185189614191622', '\\results\\front_0_26185189263721472.jpg', '2020-09-11 10:27:53');
INSERT INTO `aoi_results` VALUES ('26185189265605639', 0, 0.28747454286, '26185189158257664', '13949,4058,30,62', '1976,1094,60,124', '26185189614191622', -1, '26185189614191622', '\\results\\front_0_26185189263721472.jpg', '2020-09-11 10:27:53');
INSERT INTO `aoi_results` VALUES ('26185189265605640', 0, 0.24408152699, '26185189158257664', '13945,4137,33,38', '1968,1252,66,76', '26185189614191622', -1, '26185189614191622', '\\results\\front_0_26185189263721472.jpg', '2020-09-11 10:27:53');
INSERT INTO `aoi_results` VALUES ('26185189265605641', 0, 0.95738053322, '26185189158257664', '13602,4042,38,93', '1282,1062,76,186', '26185189614191622', -1, '26185189614191622', '\\results\\front_0_26185189263721472.jpg', '2020-09-11 10:27:53');
INSERT INTO `aoi_results` VALUES ('26185189270324224', 0, 0.94090330601, '26185189158257664', '12370,4108,19,25', '104,1206,38,50', '26185189614191623', -1, '26185189614191623', '\\results\\front_1_26185189268341760.jpg', '2020-09-11 10:27:54');
INSERT INTO `aoi_results` VALUES ('26185189270324225', 0, 0.49037173390, '26185189158257664', '12709,4152,21,26', '782,1294,42,52', '26185189614191623', -1, '26185189614191623', '\\results\\front_1_26185189268341760.jpg', '2020-09-11 10:27:54');
INSERT INTO `aoi_results` VALUES ('26185189270324226', 0, 0.28060010076, '26185189158257664', '12596,4179,24,26', '556,1348,48,52', '26185189614191622', -1, '26185189614191622', '\\results\\front_1_26185189268341760.jpg', '2020-09-11 10:27:54');
INSERT INTO `aoi_results` VALUES ('26185189272388608', 1, 0.81036287546, '26185189158257664', '14378,3200,24,30', '974,552,48,60', '26185189614191622', -1, '26185189614191622', '\\results\\back_1_26185189271471104.jpg', '2020-09-11 10:27:54');
INSERT INTO `aoi_results` VALUES ('26185189272388609', 1, 0.78200423717, '26185189158257664', '14227,2924,43,31', '672,0,86,62', '26185189614191622', -1, '26185189614191622', '\\results\\back_1_26185189271471104.jpg', '2020-09-11 10:27:54');
INSERT INTO `aoi_results` VALUES ('26185189272388610', 1, 0.59565442801, '26185189158257664', '14048,2946,31,28', '314,44,62,56', '26185189614191622', -1, '26185189614191622', '\\results\\back_1_26185189271471104.jpg', '2020-09-11 10:27:54');
INSERT INTO `aoi_results` VALUES ('26185189272388611', 1, 0.49235719442, '26185189158257664', '14319,2976,26,27', '856,104,52,54', '26185189614191622', -1, '26185189614191622', '\\results\\back_1_26185189271471104.jpg', '2020-09-11 10:27:54');
INSERT INTO `aoi_results` VALUES ('26185189272388612', 1, 0.31483459473, '26185189158257664', '14122,2924,43,26', '462,0,86,52', '26185189614191622', -1, '26185189614191622', '\\results\\back_1_26185189271471104.jpg', '2020-09-11 10:27:54');
INSERT INTO `aoi_results` VALUES ('26185189272388613', 1, 0.80464404821, '26185189158257664', '14094,3248,29,30', '406,648,58,60', '26185189614191617', -1, '26185189614191617', '\\results\\back_1_26185189271471104.jpg', '2020-09-11 10:27:54');
INSERT INTO `aoi_results` VALUES ('26185189272683520', 1, 0.52155756950, '26185189158257664', '14397,3197,18,36', '1012,546,36,72', '26185189614191622', -1, '26185189614191622', '\\results\\back_1_26185189271471104.jpg', '2020-09-11 10:27:54');
INSERT INTO `aoi_results` VALUES ('26185189290034176', 1, 0.69924539328, '26185189158257664', '13390,3943,37,29', '1034,2,74,58', '26185189614191622', -1, '26185189614191622', '\\results\\back_3_26185189288838144.jpg', '2020-09-11 10:27:55');
INSERT INTO `aoi_results` VALUES ('26185189290034177', 1, 0.21053214371, '26185189158257664', '13401,4002,33,29', '1056,120,66,58', '26185189614191622', -1, '26185189614191622', '\\results\\back_3_26185189288838144.jpg', '2020-09-11 10:27:55');
INSERT INTO `aoi_results` VALUES ('26185189290034178', 1, 0.77200412750, '26185189158257664', '13477,4078,33,26', '1208,272,66,52', '26185189614191617', -1, '26185189614191617', '\\results\\back_3_26185189288838144.jpg', '2020-09-11 10:27:55');
INSERT INTO `aoi_results` VALUES ('26185189294031872', 1, 0.88610780239, '26185189158257664', '12498,4387,27,24', '456,912,54,48', '26185189614191622', -1, '26185189614191622', '\\results\\back_4_26185189292934144.jpg', '2020-09-11 10:27:55');
INSERT INTO `aoi_results` VALUES ('26185189300110336', 1, 0.91701686382, '26185189158257664', '12478,2913,47,45', '416,0,94,90', '26185189614191622', -1, '26185189614191622', '\\results\\back_5_26185189298963456.jpg', '2020-09-11 10:27:55');
INSERT INTO `aoi_results` VALUES ('26185189300110337', 1, 0.90810364485, '26185189158257664', '12407,2945,31,34', '274,64,62,68', '26185189614191622', -1, '26185189614191622', '\\results\\back_5_26185189298963456.jpg', '2020-09-11 10:27:55');
INSERT INTO `aoi_results` VALUES ('26185189300110338', 1, 0.81435859203, '26185189158257664', '12732,3202,31,31', '924,578,62,62', '26185189614191622', -1, '26185189614191622', '\\results\\back_5_26185189298963456.jpg', '2020-09-11 10:27:55');
INSERT INTO `aoi_results` VALUES ('26185189300110339', 1, 0.78188806772, '26185189158257664', '12444,3185,33,34', '348,544,66,68', '26185189614191622', -1, '26185189614191622', '\\results\\back_5_26185189298963456.jpg', '2020-09-11 10:27:55');
INSERT INTO `aoi_results` VALUES ('26185189300110340', 1, 0.72209215164, '26185189158257664', '12580,2914,48,48', '620,2,96,96', '26185189614191622', -1, '26185189614191622', '\\results\\back_5_26185189298963456.jpg', '2020-09-11 10:27:55');
INSERT INTO `aoi_results` VALUES ('26185189300110341', 1, 0.88726341724, '26185189158257664', '12544,3231,24,30', '548,636,48,60', '26185189614191617', -1, '26185189614191617', '\\results\\back_5_26185189298963456.jpg', '2020-09-11 10:27:55');
INSERT INTO `aoi_results` VALUES ('26185189303600128', 0, 0.78297394514, '26185189158257664', '12637,1976,36,32', '638,1014,72,64', '26185189614191619', -1, '26185189614191619', '\\results\\front_5_26185189301945344.jpg', '2020-09-11 10:27:56');
INSERT INTO `aoi_results` VALUES ('26185189306319872', 1, 0.46608892083, '26185189158257664', '13872,3057,17,27', '1998,266,34,54', '26185189614191622', -1, '26185189614191622', '\\results\\back_6_26185189305074688.jpg', '2020-09-11 10:27:56');
INSERT INTO `aoi_results` VALUES ('26185189306319873', 1, 0.20182731748, '26185189158257664', '13475,3209,27,25', '1204,570,54,50', '26185189614191622', -1, '26185189614191622', '\\results\\back_6_26185189305074688.jpg', '2020-09-11 10:27:56');
INSERT INTO `aoi_results` VALUES ('26185189306336256', 1, 0.95273619890, '26185189158257664', '13416,3192,29,34', '1086,536,58,68', '26185189614191617', -1, '26185189614191617', '\\results\\back_6_26185189305074688.jpg', '2020-09-11 10:27:56');
INSERT INTO `aoi_results` VALUES ('26185189306958848', 1, 0.94694554806, '26185189158257664', '13824,3868,27,26', '1902,1888,54,52', '26185189614191622', -1, '26185189614191622', '\\results\\back_6_26185189305074688.jpg', '2020-09-11 10:27:56');
INSERT INTO `aoi_results` VALUES ('26185189306958849', 1, 0.20597174764, '26185189158257664', '13698,3460,29,27', '1650,1072,58,54', '26185189614191622', -1, '26185189614191622', '\\results\\back_6_26185189305074688.jpg', '2020-09-11 10:27:56');
INSERT INTO `aoi_results` VALUES ('26185189306958850', 1, 0.73664087057, '26185189158257664', '13388,3878,31,28', '1030,1908,62,56', '26185189614191617', -1, '26185189614191617', '\\results\\back_6_26185189305074688.jpg', '2020-09-11 10:27:56');
INSERT INTO `aoi_results` VALUES ('26185189306958851', 1, 0.92093437910, '26185189158257664', '13615,3780,28,25', '1484,1712,56,50', '26185189614191617', -1, '26185189614191617', '\\results\\back_6_26185189305074688.jpg', '2020-09-11 10:27:56');
INSERT INTO `aoi_results` VALUES ('26185189306958852', 1, 0.96528184414, '26185189158257664', '13787,3778,29,31', '1828,1708,58,62', '26185189614191617', -1, '26185189614191617', '\\results\\back_6_26185189305074688.jpg', '2020-09-11 10:27:56');
INSERT INTO `aoi_results` VALUES ('26185189309498368', 0, 0.90379637480, '26185189158257664', '11778,2288,32,36', '956,1638,64,72', '26185189614191619', -1, '26185189614191619', '\\results\\front_6_26185189307941888.jpg', '2020-09-11 10:27:56');
INSERT INTO `aoi_results` VALUES ('26185189312218112', 1, 0.24364623427, '26185189158257664', '13600,2290,23,23', '1454,768,46,46', '26185189614191623', -1, '26185189614191623', '\\results\\back_7_26185189311054848.jpg', '2020-09-11 10:27:56');
INSERT INTO `aoi_results` VALUES ('26185189312218113', 1, 0.60764098167, '26185189158257664', '13601,2290,22,23', '1456,768,44,46', '26185189614191622', -1, '26185189614191622', '\\results\\back_7_26185189311054848.jpg', '2020-09-11 10:27:56');
INSERT INTO `aoi_results` VALUES ('26185189312889856', 1, 0.70574289560, '26185189158257664', '13764,2412,25,21', '1782,1012,50,42', '26185189614191617', -1, '26185189614191617', '\\results\\back_7_26185189311054848.jpg', '2020-09-11 10:27:56');
INSERT INTO `aoi_results` VALUES ('26185189315625984', 0, 0.96207815409, '26185189158257664', '10818,2172,41,35', '210,1374,82,70', '26185189614191619', -1, '26185189614191619', '\\results\\front_7_26185189314118656.jpg', '2020-09-11 10:27:56');
INSERT INTO `aoi_results` VALUES ('26185189315625985', 0, 0.70444828272, '26185189158257664', '10946,1991,33,27', '466,1012,66,54', '26185189614191619', -1, '26185189614191619', '\\results\\front_7_26185189314118656.jpg', '2020-09-11 10:27:56');
INSERT INTO `aoi_results` VALUES ('26185189317821440', 1, 0.93985122442, '26185189158257664', '12315,2318,22,32', '90,846,44,64', '26185189614191622', -1, '26185189614191622', '\\results\\back_8_26185189316854784.jpg', '2020-09-11 10:27:57');
INSERT INTO `aoi_results` VALUES ('26185189318165504', 1, 0.31674796343, '26185189158257664', '12776,2250,26,37', '1012,710,52,74', '26185189614191622', -1, '26185189614191622', '\\results\\back_8_26185189316854784.jpg', '2020-09-11 10:27:57');
INSERT INTO `aoi_results` VALUES ('26185189318493184', 1, 0.97247546911, '26185189158257664', '12473,2702,25,23', '406,1614,50,46', '26185189614191617', -1, '26185189614191617', '\\results\\back_8_26185189316854784.jpg', '2020-09-11 10:27:57');
INSERT INTO `aoi_results` VALUES ('26185189318493185', 1, 0.82761055231, '26185189158257664', '12525,2703,27,23', '510,1616,54,46', '26185189614191617', -1, '26185189614191617', '\\results\\back_8_26185189316854784.jpg', '2020-09-11 10:27:57');
INSERT INTO `aoi_results` VALUES ('26185189321999360', 0, 0.82679575682, '26185189158257664', '10713,3013,32,82', '0,1020,64,164', '26185189614191619', -1, '26185189614191619', '\\results\\front_8_26185189320426496.jpg', '2020-09-11 10:27:57');
INSERT INTO `aoi_results` VALUES ('26185189322359808', 0, 0.78907489777, '26185189158257664', '11314,3386,22,33', '1202,1766,44,66', '26185189614191619', -1, '26185189614191619', '\\results\\front_8_26185189320426496.jpg', '2020-09-11 10:27:57');
INSERT INTO `aoi_results` VALUES ('26185189324882944', 1, 0.39134010673, '26185189158257664', '11843,2262,23,38', '1182,734,46,76', '26185189614191622', -1, '26185189614191622', '\\results\\back_9_26185189323179008.jpg', '2020-09-11 10:27:57');
INSERT INTO `aoi_results` VALUES ('26185189328290816', 0, 0.77551352978, '26185189158257664', '11857,3021,28,31', '1114,1068,56,62', '26185189614191617', -1, '26185189614191617', '\\results\\front_9_26185189326439424.jpg', '2020-09-11 10:27:57');
INSERT INTO `aoi_results` VALUES ('26185189328290817', 0, 0.78469592333, '26185189158257664', '11949,3340,20,26', '1298,1706,40,52', '26185189614191616', -1, '26185189614191616', '\\results\\front_9_26185189326439424.jpg', '2020-09-11 10:27:57');
INSERT INTO `aoi_results` VALUES ('26185189330453504', 1, 0.76817530394, '26185189158257664', '10721,2274,23,30', '144,722,46,60', '26185189614191622', -1, '26185189614191622', '\\results\\back_10_26185189329470464.jpg', '2020-09-11 10:27:57');
INSERT INTO `aoi_results` VALUES ('26185189330453505', 1, 0.29594567418, '26185189158257664', '10837,2269,27,33', '376,712,54,66', '26185189614191622', -1, '26185189614191622', '\\results\\back_10_26185189329470464.jpg', '2020-09-11 10:27:57');
INSERT INTO `aoi_results` VALUES ('26185189331108864', 1, 0.85264921188, '26185189158257664', '10660,2430,27,35', '22,1034,54,70', '26185189614191622', -1, '26185189614191622', '\\results\\back_10_26185189329470464.jpg', '2020-09-11 10:27:57');
INSERT INTO `aoi_results` VALUES ('26185189331108865', 1, 0.72057765722, '26185189158257664', '10760,2881,24,25', '222,1936,48,50', '26185189614191622', -1, '26185189614191622', '\\results\\back_10_26185189329470464.jpg', '2020-09-11 10:27:57');
INSERT INTO `aoi_results` VALUES ('26185189333943296', 0, 0.91262757778, '26185189158257664', '11736,4011,35,51', '872,1012,70,102', '26185189614191619', -1, '26185189614191619', '\\results\\front_10_26185189332321280.jpg', '2020-09-11 10:27:58');
INSERT INTO `aoi_results` VALUES ('26185189336024064', 1, 0.81726384163, '26185189158257664', '10805,3255,28,26', '312,648,56,52', '26185189614191622', -1, '26185189614191622', '\\results\\back_11_26185189335155712.jpg', '2020-09-11 10:27:58');
INSERT INTO `aoi_results` VALUES ('26185189336024065', 1, 0.74045711756, '26185189158257664', '10758,2943,34,30', '218,24,68,60', '26185189614191622', -1, '26185189614191622', '\\results\\back_11_26185189335155712.jpg', '2020-09-11 10:27:58');
INSERT INTO `aoi_results` VALUES ('26185189336024066', 1, 0.70080161095, '26185189158257664', '10934,2931,50,23', '570,0,100,46', '26185189614191622', -1, '26185189614191622', '\\results\\back_11_26185189335155712.jpg', '2020-09-11 10:27:58');
INSERT INTO `aoi_results` VALUES ('26185189336024067', 1, 0.67195123434, '26185189158257664', '10835,2932,46,24', '372,2,92,48', '26185189614191622', -1, '26185189614191622', '\\results\\back_11_26185189335155712.jpg', '2020-09-11 10:27:58');
INSERT INTO `aoi_results` VALUES ('26185189336024068', 1, 0.40938141942, '26185189158257664', '11092,3204,29,26', '886,546,58,52', '26185189614191622', -1, '26185189614191622', '\\results\\back_11_26185189335155712.jpg', '2020-09-11 10:27:58');
INSERT INTO `aoi_results` VALUES ('26185189336024069', 1, 0.64647018909, '26185189158257664', '10763,2943,32,31', '228,24,64,62', '26185189614191617', -1, '26185189614191617', '\\results\\back_11_26185189335155712.jpg', '2020-09-11 10:27:58');
INSERT INTO `aoi_results` VALUES ('26185189336024070', 1, 0.23309499025, '26185189158257664', '11075,3405,30,34', '852,948,60,68', '26185189614191622', -1, '26185189614191622', '\\results\\back_11_26185189335155712.jpg', '2020-09-11 10:27:58');
INSERT INTO `aoi_results` VALUES ('26185189336024071', 1, 0.23092770576, '26185189158257664', '11015,3417,28,24', '732,972,56,48', '26185189614191622', -1, '26185189614191622', '\\results\\back_11_26185189335155712.jpg', '2020-09-11 10:27:58');
INSERT INTO `aoi_results` VALUES ('26185189336024072', 1, 0.94215178490, '26185189158257664', '11030,2969,28,37', '762,76,56,74', '26185189614191617', -1, '26185189614191617', '\\results\\back_11_26185189335155712.jpg', '2020-09-11 10:27:58');
INSERT INTO `aoi_results` VALUES ('26185189336024073', 1, 0.97450965643, '26185189158257664', '11091,3260,31,31', '884,658,62,62', '26185189614191617', -1, '26185189614191617', '\\results\\back_11_26185189335155712.jpg', '2020-09-11 10:27:58');
INSERT INTO `aoi_results` VALUES ('26185189338973184', 0, 0.83980858326, '26185189158257664', '10996,3723,20,28', '566,404,40,56', '26185189614191622', -1, '26185189614191622', '\\results\\front_11_26185189337990144.jpg', '2020-09-11 10:27:58');
INSERT INTO `aoi_results` VALUES ('26185189339595776', 0, 0.96083670855, '26185189158257664', '11138,4119,23,32', '850,1196,46,64', '26185189614191622', -1, '26185189614191622', '\\results\\front_11_26185189337990144.jpg', '2020-09-11 10:27:58');
INSERT INTO `aoi_results` VALUES ('26185189339595777', 0, 0.95456743240, '26185189158257664', '11181,4166,38,54', '936,1290,76,108', '26185189614191622', -1, '26185189614191622', '\\results\\front_11_26185189337990144.jpg', '2020-09-11 10:27:58');
INSERT INTO `aoi_results` VALUES ('26185189339595778', 0, 0.93823969364, '26185189158257664', '10896,4117,29,30', '366,1192,58,60', '26185189614191622', -1, '26185189614191622', '\\results\\front_11_26185189337990144.jpg', '2020-09-11 10:27:58');
INSERT INTO `aoi_results` VALUES ('26185189339595779', 0, 0.89649510384, '26185189158257664', '11010,4167,30,29', '594,1292,60,58', '26185189614191622', -1, '26185189614191622', '\\results\\front_11_26185189337990144.jpg', '2020-09-11 10:27:58');
INSERT INTO `aoi_results` VALUES ('26185189339595780', 0, 0.85314106941, '26185189158257664', '11009,4064,34,64', '592,1086,68,128', '26185189614191622', -1, '26185189614191622', '\\results\\front_11_26185189337990144.jpg', '2020-09-11 10:27:58');
INSERT INTO `aoi_results` VALUES ('26185189339595781', 0, 0.83045351505, '26185189158257664', '10951,4077,33,71', '476,1112,66,142', '26185189614191622', -1, '26185189614191622', '\\results\\front_11_26185189337990144.jpg', '2020-09-11 10:27:58');
INSERT INTO `aoi_results` VALUES ('26185189339595782', 0, 0.80557084084, '26185189158257664', '11125,4062,30,65', '824,1082,60,130', '26185189614191622', -1, '26185189614191622', '\\results\\front_11_26185189337990144.jpg', '2020-09-11 10:27:58');
INSERT INTO `aoi_results` VALUES ('26185189339595783', 0, 0.79129767418, '26185189158257664', '11178,4102,34,34', '930,1162,68,68', '26185189614191622', -1, '26185189614191622', '\\results\\front_11_26185189337990144.jpg', '2020-09-11 10:27:58');
INSERT INTO `aoi_results` VALUES ('26185189339595784', 0, 0.64342838526, '26185189158257664', '11126,4170,28,22', '826,1298,56,44', '26185189614191622', -1, '26185189614191622', '\\results\\front_11_26185189337990144.jpg', '2020-09-11 10:27:58');
INSERT INTO `aoi_results` VALUES ('26185189339595785', 0, 0.61901396513, '26185189158257664', '11183,4042,38,52', '940,1042,76,104', '26185189614191622', -1, '26185189614191622', '\\results\\front_11_26185189337990144.jpg', '2020-09-11 10:27:58');
INSERT INTO `aoi_results` VALUES ('26185189339595786', 0, 0.56820100546, '26185189158257664', '11062,4073,40,75', '698,1104,80,150', '26185189614191622', -1, '26185189614191622', '\\results\\front_11_26185189337990144.jpg', '2020-09-11 10:27:58');
INSERT INTO `aoi_results` VALUES ('26185189339595787', 0, 0.42228224874, '26185189158257664', '10727,4104,25,28', '28,1166,50,56', '26185189614191622', -1, '26185189614191622', '\\results\\front_11_26185189337990144.jpg', '2020-09-11 10:27:58');
INSERT INTO `aoi_results` VALUES ('26185189339595788', 0, 0.26062315702, '26185189158257664', '11074,4191,22,33', '722,1340,44,66', '26185189614191622', -1, '26185189614191622', '\\results\\front_11_26185189337990144.jpg', '2020-09-11 10:27:58');
INSERT INTO `aoi_results` VALUES ('26185189339595789', 0, 0.73825979233, '26185189158257664', '11010,4166,31,30', '594,1290,62,60', '26185189614191617', -1, '26185189614191617', '\\results\\front_11_26185189337990144.jpg', '2020-09-11 10:27:58');
INSERT INTO `aoi_results` VALUES ('26185189339595790', 0, 0.95583009720, '26185189158257664', '11064,4071,37,79', '702,1100,74,158', '26185189614191617', -1, '26185189614191617', '\\results\\front_11_26185189337990144.jpg', '2020-09-11 10:27:58');
INSERT INTO `aoi_results` VALUES ('26185189342151680', 1, 0.91284346581, '26185189158257664', '11828,3195,27,26', '1152,564,54,52', '26185189614191622', -1, '26185189614191622', '\\results\\back_12_26185189340824576.jpg', '2020-09-11 10:27:58');
INSERT INTO `aoi_results` VALUES ('26185189342151681', 1, 0.83901369572, '26185189158257664', '12231,2968,29,26', '1958,110,58,52', '26185189614191622', -1, '26185189614191622', '\\results\\back_12_26185189340824576.jpg', '2020-09-11 10:27:58');
INSERT INTO `aoi_results` VALUES ('26185189342151682', 1, 0.56962603331, '26185189158257664', '12229,3054,26,29', '1954,282,52,58', '26185189614191622', -1, '26185189614191622', '\\results\\back_12_26185189340824576.jpg', '2020-09-11 10:27:58');
INSERT INTO `aoi_results` VALUES ('26185189342462976', 1, 0.63703268766, '26185189158257664', '11741,3870,22,30', '978,1914,44,60', '26185189614191622', -1, '26185189614191622', '\\results\\back_12_26185189340824576.jpg', '2020-09-11 10:27:58');
INSERT INTO `aoi_results` VALUES ('26185189342807040', 1, 0.76355898380, '26185189158257664', '12135,3776,30,29', '1766,1726,60,58', '26185189614191622', -1, '26185189614191622', '\\results\\back_12_26185189340824576.jpg', '2020-09-11 10:27:58');
INSERT INTO `aoi_results` VALUES ('26185189342807041', 1, 0.49628433585, '26185189158257664', '12178,3862,31,27', '1852,1898,62,54', '26185189614191622', -1, '26185189614191622', '\\results\\back_12_26185189340824576.jpg', '2020-09-11 10:27:58');
INSERT INTO `aoi_results` VALUES ('26185189342807042', 1, 0.98419630527, '26185189158257664', '12138,3683,27,30', '1772,1540,54,60', '26185189614191617', -1, '26185189614191617', '\\results\\back_12_26185189340824576.jpg', '2020-09-11 10:27:58');
INSERT INTO `aoi_results` VALUES ('26185189345887232', 0, 0.99018621445, '26185189158257664', '10262,4182,28,38', '1134,1322,56,76', '26185189614191622', -1, '26185189614191622', '\\results\\front_12_26185189344003072.jpg', '2020-09-11 10:27:58');
INSERT INTO `aoi_results` VALUES ('26185189345887233', 0, 0.51364344358, '26185189158257664', '10267,4097,29,37', '1144,1152,58,74', '26185189614191622', -1, '26185189614191622', '\\results\\front_12_26185189344003072.jpg', '2020-09-11 10:27:58');
INSERT INTO `aoi_results` VALUES ('26185189347968000', 1, 0.83680993319, '26185189158257664', '12023,3931,39,34', '1542,0,78,68', '26185189614191622', -1, '26185189614191622', '\\results\\back_13_26185189346690048.jpg', '2020-09-11 10:27:58');
INSERT INTO `aoi_results` VALUES ('26185189347968001', 1, 0.82606226206, '26185189158257664', '11759,4054,33,35', '1014,246,66,70', '26185189614191622', -1, '26185189614191622', '\\results\\back_13_26185189346690048.jpg', '2020-09-11 10:27:58');
INSERT INTO `aoi_results` VALUES ('26185189347968002', 1, 0.82519304752, '26185189158257664', '12091,3931,25,25', '1678,0,50,50', '26185189614191622', -1, '26185189614191622', '\\results\\back_13_26185189346690048.jpg', '2020-09-11 10:27:58');
INSERT INTO `aoi_results` VALUES ('26185189347968003', 1, 0.81607115269, '26185189158257664', '11957,3931,42,34', '1410,0,84,68', '26185189614191622', -1, '26185189614191622', '\\results\\back_13_26185189346690048.jpg', '2020-09-11 10:27:58');
INSERT INTO `aoi_results` VALUES ('26185189347968004', 1, 0.79946690798, '26185189158257664', '11758,3933,30,37', '1012,4,60,74', '26185189614191622', -1, '26185189614191622', '\\results\\back_13_26185189346690048.jpg', '2020-09-11 10:27:58');
INSERT INTO `aoi_results` VALUES ('26185189347968005', 1, 0.76601201296, '26185189158257664', '11828,4074,35,35', '1152,286,70,70', '26185189614191622', -1, '26185189614191622', '\\results\\back_13_26185189346690048.jpg', '2020-09-11 10:27:58');
INSERT INTO `aoi_results` VALUES ('26185189347968006', 1, 0.64381003380, '26185189158257664', '12180,3931,40,23', '1856,0,80,46', '26185189614191622', -1, '26185189614191622', '\\results\\back_13_26185189346690048.jpg', '2020-09-11 10:27:58');
INSERT INTO `aoi_results` VALUES ('26185189350523904', 0, 0.89816623926, '26185189158257664', '9212,3711,27,28', '248,340,54,56', '26185189614191617', -1, '26185189614191617', '\\results\\front_13_26185189349622784.jpg', '2020-09-11 10:27:59');
INSERT INTO `aoi_results` VALUES ('26185189353817088', 1, 0.67769050598, '26185189158257664', '10854,4387,27,27', '410,876,54,54', '26185189614191617', -1, '26185189614191617', '\\results\\back_14_26185189352408064.jpg', '2020-09-11 10:27:59');
INSERT INTO `aoi_results` VALUES ('26185189356946432', 0, 0.90745639801, '26185189158257664', '9323,2951,27,29', '470,856,54,58', '26185189614191617', -1, '26185189614191617', '\\results\\front_14_26185189355979776.jpg', '2020-09-11 10:27:59');
INSERT INTO `aoi_results` VALUES ('26185189356946433', 0, 0.83545345068, '26185189158257664', '9415,3006,28,28', '654,966,56,56', '26185189614191617', -1, '26185189614191617', '\\results\\front_14_26185189355979776.jpg', '2020-09-11 10:27:59');
INSERT INTO `aoi_results` VALUES ('26185189356946434', 0, 0.82327121496, '26185189158257664', '9552,2664,34,29', '928,282,68,58', '26185189614191616', -1, '26185189614191616', '\\results\\front_14_26185189355979776.jpg', '2020-09-11 10:27:59');
INSERT INTO `aoi_results` VALUES ('26185189357569024', 0, 0.88229191303, '26185189158257664', '9413,3085,30,35', '650,1124,60,70', '26185189614191617', -1, '26185189614191617', '\\results\\front_14_26185189355979776.jpg', '2020-09-11 10:27:59');
INSERT INTO `aoi_results` VALUES ('26185189360092160', 1, 0.99016398191, '26185189158257664', '10185,4065,35,29', '1108,232,70,58', '26185189614191617', -1, '26185189614191617', '\\results\\back_15_26185189358797824.jpg', '2020-09-11 10:27:59');
INSERT INTO `aoi_results` VALUES ('26185189360092161', 1, 0.90369778872, '26185189158257664', '10488,4076,26,26', '1714,254,52,52', '26185189614191617', -1, '26185189614191617', '\\results\\back_15_26185189358797824.jpg', '2020-09-11 10:27:59');
INSERT INTO `aoi_results` VALUES ('26185189369332736', 0, 0.85303467512, '26185189158257664', '10652,1960,29,30', '1914,950,58,60', '26185189614191619', -1, '26185189614191619', '\\results\\front_16_26185189368169472.jpg', '2020-09-11 10:28:00');
INSERT INTO `aoi_results` VALUES ('26185189369676800', 0, 0.77703845501, '26185189158257664', '10149,2281,33,33', '908,1592,66,66', '26185189614191619', -1, '26185189614191619', '\\results\\front_16_26185189368169472.jpg', '2020-09-11 10:28:00');
INSERT INTO `aoi_results` VALUES ('26185189369676801', 0, 0.76762205362, '26185189158257664', '10146,2281,37,32', '902,1592,74,64', '26185189614191617', -1, '26185189614191617', '\\results\\front_16_26185189368169472.jpg', '2020-09-11 10:28:00');
INSERT INTO `aoi_results` VALUES ('26185189370004480', 0, 0.79640698433, '26185189158257664', '10361,2128,84,57', '1332,1286,168,114', '26185189614191616', -1, '26185189614191616', '\\results\\front_16_26185189368169472.jpg', '2020-09-11 10:28:00');
INSERT INTO `aoi_results` VALUES ('26185189371839488', 1, 0.88425320387, '26185189158257664', '9158,3191,32,33', '386,552,64,66', '26185189614191622', -1, '26185189614191622', '\\results\\back_17_26185189370856448.jpg', '2020-09-11 10:28:00');
INSERT INTO `aoi_results` VALUES ('26185189371839489', 1, 0.56935256720, '26185189158257664', '9443,2971,29,36', '956,112,58,72', '26185189614191622', -1, '26185189614191622', '\\results\\back_17_26185189370856448.jpg', '2020-09-11 10:28:00');
INSERT INTO `aoi_results` VALUES ('26185189371839490', 1, 0.74707764387, '26185189158257664', '9101,3225,26,30', '272,620,52,60', '26185189614191617', -1, '26185189614191617', '\\results\\back_17_26185189370856448.jpg', '2020-09-11 10:28:00');
INSERT INTO `aoi_results` VALUES ('26185189371839491', 1, 0.84349453449, '26185189158257664', '9417,3307,28,37', '904,784,56,74', '26185189614191616', -1, '26185189614191616', '\\results\\back_17_26185189370856448.jpg', '2020-09-11 10:28:00');
INSERT INTO `aoi_results` VALUES ('26185189375689728', 0, 0.70498317480, '26185189158257664', '9416,1917,27,36', '656,824,54,72', '26185189614191619', -1, '26185189614191619', '\\results\\front_17_26185189374657536.jpg', '2020-09-11 10:28:00');
INSERT INTO `aoi_results` VALUES ('26185189378737152', 1, 0.61716121435, '26185189158257664', '10527,2967,26,28', '1792,72,52,56', '26185189614191622', -1, '26185189614191622', '\\results\\back_18_26185189377442816.jpg', '2020-09-11 10:28:00');
INSERT INTO `aoi_results` VALUES ('26185189378737153', 1, 0.48927566409, '26185189158257664', '10573,3422,28,20', '1884,982,56,40', '26185189614191622', -1, '26185189614191622', '\\results\\back_18_26185189377442816.jpg', '2020-09-11 10:28:00');
INSERT INTO `aoi_results` VALUES ('26185189378737154', 1, 0.23551903665, '26185189158257664', '10181,3195,31,28', '1100,528,62,56', '26185189614191622', -1, '26185189614191622', '\\results\\back_18_26185189377442816.jpg', '2020-09-11 10:28:00');
INSERT INTO `aoi_results` VALUES ('26185189378737155', 1, 0.22029031813, '26185189158257664', '10584,2969,27,28', '1906,76,54,56', '26185189614191622', -1, '26185189614191622', '\\results\\back_18_26185189377442816.jpg', '2020-09-11 10:28:00');
INSERT INTO `aoi_results` VALUES ('26185189379064832', 1, 0.26641863585, '26185189158257664', '10115,3713,27,54', '968,1564,54,108', '26185189614191622', -1, '26185189614191622', '\\results\\back_18_26185189377442816.jpg', '2020-09-11 10:28:00');
INSERT INTO `aoi_results` VALUES ('26185189379408896', 1, 0.94852095842, '26185189158257664', '10533,3860,30,27', '1804,1858,60,54', '26185189614191622', -1, '26185189614191622', '\\results\\back_18_26185189377442816.jpg', '2020-09-11 10:28:00');
INSERT INTO `aoi_results` VALUES ('26185189379408897', 1, 0.82946068048, '26185189158257664', '10138,3437,35,21', '1014,1012,70,42', '26185189614191622', -1, '26185189614191622', '\\results\\back_18_26185189377442816.jpg', '2020-09-11 10:28:00');
INSERT INTO `aoi_results` VALUES ('26185189379408898', 1, 0.54300886393, '26185189158257664', '10374,3920,41,28', '1486,1978,82,56', '26185189614191622', -1, '26185189614191622', '\\results\\back_18_26185189377442816.jpg', '2020-09-11 10:28:00');
INSERT INTO `aoi_results` VALUES ('26185189379408899', 1, 0.29988607764, '26185189158257664', '10173,3937,30,12', '1084,2012,60,24', '26185189614191622', -1, '26185189614191622', '\\results\\back_18_26185189377442816.jpg', '2020-09-11 10:28:00');
INSERT INTO `aoi_results` VALUES ('26185189379408900', 1, 0.27184703946, '26185189158257664', '10491,3694,30,29', '1720,1526,60,58', '26185189614191622', -1, '26185189614191622', '\\results\\back_18_26185189377442816.jpg', '2020-09-11 10:28:00');
INSERT INTO `aoi_results` VALUES ('26185189379408901', 1, 0.23940882087, '26185189158257664', '10229,3437,50,21', '1196,1012,100,42', '26185189614191622', -1, '26185189614191622', '\\results\\back_18_26185189377442816.jpg', '2020-09-11 10:28:00');
INSERT INTO `aoi_results` VALUES ('26185189379408902', 1, 0.96913564205, '26185189158257664', '10529,3914,37,34', '1796,1966,74,68', '26185189614191618', -1, '26185189614191618', '\\results\\back_18_26185189377442816.jpg', '2020-09-11 10:28:00');
INSERT INTO `aoi_results` VALUES ('26185189379408903', 1, 0.66674274206, '26185189158257664', '10529,3452,28,28', '1796,1042,56,56', '26185189614191617', -1, '26185189614191617', '\\results\\back_18_26185189377442816.jpg', '2020-09-11 10:28:00');
INSERT INTO `aoi_results` VALUES ('26185189379408904', 1, 0.98989415169, '26185189158257664', '10405,3450,27,26', '1548,1038,54,52', '26185189614191618', -1, '26185189614191618', '\\results\\back_18_26185189377442816.jpg', '2020-09-11 10:28:00');
INSERT INTO `aoi_results` VALUES ('26185189379408905', 1, 0.83082509041, '26185189158257664', '10492,3766,30,33', '1722,1670,60,66', '26185189614191617', -1, '26185189614191617', '\\results\\back_18_26185189377442816.jpg', '2020-09-11 10:28:00');
INSERT INTO `aoi_results` VALUES ('26185189381735424', 0, 0.87686115503, '26185189158257664', '9026,1981,30,30', '1912,952,60,60', '26185189614191619', -1, '26185189614191619', '\\results\\front_18_26185189380555776.jpg', '2020-09-11 10:28:00');
INSERT INTO `aoi_results` VALUES ('26185189385159680', 1, 0.75467056036, '26185189158257664', '10598,2449,33,27', '1934,1072,66,54', '26185189614191622', -1, '26185189614191622', '\\results\\back_19_26185189383242752.jpg', '2020-09-11 10:28:01');
INSERT INTO `aoi_results` VALUES ('26185189385159681', 1, 0.63606750965, '26185189158257664', '10482,2447,30,29', '1702,1068,60,58', '26185189614191622', -1, '26185189614191622', '\\results\\back_19_26185189383242752.jpg', '2020-09-11 10:28:01');
INSERT INTO `aoi_results` VALUES ('26185189389894656', 1, 0.28972151875, '26185189158257664', '9186,2334,33,59', '442,874,66,118', '26185189614191623', -1, '26185189614191623', '\\results\\back_20_26185189388928000.jpg', '2020-09-11 10:28:01');
INSERT INTO `aoi_results` VALUES ('26185189389894657', 1, 0.25265651941, '26185189158257664', '9251,2318,26,29', '572,842,52,58', '26185189614191622', -1, '26185189614191622', '\\results\\back_20_26185189388928000.jpg', '2020-09-11 10:28:01');
INSERT INTO `aoi_results` VALUES ('26185189389894658', 1, 0.82018721104, '26185189158257664', '9188,2333,30,61', '446,872,60,122', '26185189614191617', -1, '26185189614191617', '\\results\\back_20_26185189388928000.jpg', '2020-09-11 10:28:01');
INSERT INTO `aoi_results` VALUES ('26185189390566400', 1, 0.92765873671, '26185189158257664', '9301,2812,35,33', '672,1830,70,66', '26185189614191617', -1, '26185189614191617', '\\results\\back_20_26185189388928000.jpg', '2020-09-11 10:28:01');
INSERT INTO `aoi_results` VALUES ('26185189390877696', 1, 0.38383761048, '26185189158257664', '9471,2445,38,27', '1012,1096,76,54', '26185189614191623', -1, '26185189614191623', '\\results\\back_20_26185189388928000.jpg', '2020-09-11 10:28:01');
INSERT INTO `aoi_results` VALUES ('26185189400347648', 0, 0.96981751919, '26185189158257664', '8672,3035,23,35', '1204,1024,46,70', '26185189614191617', -1, '26185189614191617', '\\results\\front_21_26185189398496256.jpg', '2020-09-11 10:28:02');
INSERT INTO `aoi_results` VALUES ('26185189400347649', 0, 0.87564826012, '26185189158257664', '8576,3103,25,32', '1012,1160,50,64', '26185189614191617', -1, '26185189614191617', '\\results\\front_21_26185189398496256.jpg', '2020-09-11 10:28:02');
INSERT INTO `aoi_results` VALUES ('26185189400347650', 0, 0.82988053560, '26185189158257664', '8609,3029,22,23', '1078,1012,44,46', '26185189614191617', -1, '26185189614191617', '\\results\\front_21_26185189398496256.jpg', '2020-09-11 10:28:02');
INSERT INTO `aoi_results` VALUES ('26185189400347651', 0, 0.73715138435, '26185189158257664', '8584,3319,29,33', '1028,1592,58,66', '26185189614191617', -1, '26185189614191617', '\\results\\front_21_26185189398496256.jpg', '2020-09-11 10:28:02');
INSERT INTO `aoi_results` VALUES ('26185189400347652', 0, 0.67451274395, '26185189158257664', '8605,3184,24,66', '1070,1322,48,132', '26185189614191617', -1, '26185189614191617', '\\results\\front_21_26185189398496256.jpg', '2020-09-11 10:28:02');
INSERT INTO `aoi_results` VALUES ('26185189402182656', 1, 0.27959328890, '26185189158257664', '7543,2362,28,33', '458,954,56,66', '26185189614191622', -1, '26185189614191622', '\\results\\back_22_26185189401281536.jpg', '2020-09-11 10:28:02');
INSERT INTO `aoi_results` VALUES ('26185189402838016', 1, 0.48792952299, '26185189158257664', '7467,2879,25,24', '306,1988,50,48', '26185189614191622', -1, '26185189614191622', '\\results\\back_22_26185189401281536.jpg', '2020-09-11 10:28:02');
INSERT INTO `aoi_results` VALUES ('26185189406000128', 0, 0.86827510595, '26185189158257664', '8785,3704,25,39', '1430,326,50,78', '26185189614191618', -1, '26185189614191618', '\\results\\front_22_26185189404820480.jpg', '2020-09-11 10:28:02');
INSERT INTO `aoi_results` VALUES ('26185189408474112', 1, 0.89940327406, '26185189158257664', '7742,2969,31,33', '856,132,62,66', '26185189614191617', -1, '26185189614191617', '\\results\\back_23_26185189407523840.jpg', '2020-09-11 10:28:02');
INSERT INTO `aoi_results` VALUES ('26185189408785408', 1, 0.82255637646, '26185189158257664', '7820,3198,20,36', '1012,590,40,72', '26185189614191617', -1, '26185189614191617', '\\results\\back_23_26185189407523840.jpg', '2020-09-11 10:28:02');
INSERT INTO `aoi_results` VALUES ('26185189409096704', 1, 0.49503841996, '26185189158257664', '7722,3416,27,27', '816,1026,54,54', '26185189614191622', -1, '26185189614191622', '\\results\\back_23_26185189407523840.jpg', '2020-09-11 10:28:02');
INSERT INTO `aoi_results` VALUES ('26185189411537920', 0, 0.25449681282, '26185189158257664', '7727,4036,32,25', '650,972,64,50', '26185189614191622', -1, '26185189614191622', '\\results\\front_23_26185189410685952.jpg', '2020-09-11 10:28:02');
INSERT INTO `aoi_results` VALUES ('26185189411554304', 0, 0.75602108240, '26185189158257664', '7727,4016,29,33', '650,932,58,66', '26185189614191622', -1, '26185189614191622', '\\results\\front_23_26185189410685952.jpg', '2020-09-11 10:28:02');
INSERT INTO `aoi_results` VALUES ('26185189412258816', 0, 0.97893172503, '26185189158257664', '7784,4094,30,65', '764,1088,60,130', '26185189614191622', -1, '26185189614191622', '\\results\\front_23_26185189410685952.jpg', '2020-09-11 10:28:02');
INSERT INTO `aoi_results` VALUES ('26185189412258817', 0, 0.95882344246, '26185189158257664', '7840,4097,24,61', '876,1094,48,122', '26185189614191622', -1, '26185189614191622', '\\results\\front_23_26185189410685952.jpg', '2020-09-11 10:28:02');
INSERT INTO `aoi_results` VALUES ('26185189412258818', 0, 0.25916904211, '26185189158257664', '7522,4178,17,20', '240,1256,34,40', '26185189614191622', -1, '26185189614191622', '\\results\\front_23_26185189410685952.jpg', '2020-09-11 10:28:02');
INSERT INTO `aoi_results` VALUES ('26185189414700032', 1, 0.89046156406, '26185189158257664', '8480,3422,49,36', '1066,1014,98,72', '26185189614191622', -1, '26185189614191622', '\\results\\back_24_26185189413389312.jpg', '2020-09-11 10:28:02');
INSERT INTO `aoi_results` VALUES ('26185189414700033', 1, 0.72792512178, '26185189158257664', '8888,3851,31,29', '1882,1872,62,58', '26185189614191622', -1, '26185189614191622', '\\results\\back_24_26185189413389312.jpg', '2020-09-11 10:28:02');
INSERT INTO `aoi_results` VALUES ('26185189414700034', 1, 0.25279849768, '26185189158257664', '8850,3771,25,27', '1806,1712,50,54', '26185189614191622', -1, '26185189614191622', '\\results\\back_24_26185189413389312.jpg', '2020-09-11 10:28:02');
INSERT INTO `aoi_results` VALUES ('26185189414994944', 1, 0.87901639938, '26185189158257664', '8732,2963,35,28', '1570,96,70,56', '26185189614191622', -1, '26185189614191622', '\\results\\back_24_26185189413389312.jpg', '2020-09-11 10:28:02');
INSERT INTO `aoi_results` VALUES ('26185189414994945', 1, 0.87255960703, '26185189158257664', '8941,3046,22,31', '1988,262,44,62', '26185189614191622', -1, '26185189614191622', '\\results\\back_24_26185189413389312.jpg', '2020-09-11 10:28:02');
INSERT INTO `aoi_results` VALUES ('26185189414994946', 1, 0.77228391171, '26185189158257664', '8692,3004,27,29', '1490,178,54,58', '26185189614191622', -1, '26185189614191622', '\\results\\back_24_26185189413389312.jpg', '2020-09-11 10:28:02');
INSERT INTO `aoi_results` VALUES ('26185189414994947', 1, 0.65945649147, '26185189158257664', '8882,3034,28,36', '1870,238,56,72', '26185189614191622', -1, '26185189614191622', '\\results\\back_24_26185189413389312.jpg', '2020-09-11 10:28:02');
INSERT INTO `aoi_results` VALUES ('26185189414994948', 1, 0.62401473522, '26185189158257664', '8542,3191,25,28', '1190,552,50,56', '26185189614191622', -1, '26185189614191622', '\\results\\back_24_26185189413389312.jpg', '2020-09-11 10:28:02');
INSERT INTO `aoi_results` VALUES ('26185189414994949', 1, 0.35334196687, '26185189158257664', '8944,2961,20,31', '1994,92,40,62', '26185189614191622', -1, '26185189614191622', '\\results\\back_24_26185189413389312.jpg', '2020-09-11 10:28:02');
INSERT INTO `aoi_results` VALUES ('26185189414994950', 1, 0.91009229422, '26185189158257664', '8479,3179,28,32', '1064,528,56,64', '26185189614191617', -1, '26185189614191617', '\\results\\back_24_26185189413389312.jpg', '2020-09-11 10:28:02');
INSERT INTO `aoi_results` VALUES ('26185189417698304', 0, 0.71445721388, '26185189158257664', '7339,4024,26,30', '1910,948,52,60', '26185189614191617', -1, '26185189614191617', '\\results\\front_24_26185189416485888.jpg', '2020-09-11 10:28:03');
INSERT INTO `aoi_results` VALUES ('26185189418337280', 0, 0.59479743242, '26185189158257664', '7170,4178,21,23', '1572,1256,42,46', '26185189614191623', -1, '26185189614191623', '\\results\\front_24_26185189416485888.jpg', '2020-09-11 10:28:03');
INSERT INTO `aoi_results` VALUES ('26185189418337281', 0, 0.35122704506, '26185189158257664', '7169,4177,21,24', '1570,1254,42,48', '26185189614191622', -1, '26185189614191622', '\\results\\front_24_26185189416485888.jpg', '2020-09-11 10:28:03');
INSERT INTO `aoi_results` VALUES ('26185189420499968', 1, 0.71485823393, '26185189158257664', '8457,3933,40,23', '1020,0,80,46', '26185189614191622', -1, '26185189614191622', '\\results\\back_25_26185189419271168.jpg', '2020-09-11 10:28:03');
INSERT INTO `aoi_results` VALUES ('26185189420499969', 1, 0.27961051464, '26185189158257664', '8885,3933,42,12', '1876,0,84,24', '26185189614191622', -1, '26185189614191622', '\\results\\back_25_26185189419271168.jpg', '2020-09-11 10:28:03');
INSERT INTO `aoi_results` VALUES ('26185189420499970', 1, 0.92144489288, '26185189158257664', '8547,4060,30,30', '1200,254,60,60', '26185189614191617', -1, '26185189614191617', '\\results\\back_25_26185189419271168.jpg', '2020-09-11 10:28:03');
INSERT INTO `aoi_results` VALUES ('26185189423350784', 0, 0.94382172823, '26185189158257664', '6144,4018,30,34', '718,952,60,68', '26185189614191622', -1, '26185189614191622', '\\results\\front_25_26185189422351360.jpg', '2020-09-11 10:28:03');
INSERT INTO `aoi_results` VALUES ('26185189423973376', 0, 0.35030463338, '26185189158257664', '6199,4075,25,22', '828,1066,50,44', '26185189614191623', -1, '26185189614191623', '\\results\\front_25_26185189422351360.jpg', '2020-09-11 10:28:03');
INSERT INTO `aoi_results` VALUES ('26185189423973377', 0, 0.37905508280, '26185189158257664', '6200,4075,23,22', '830,1066,46,44', '26185189614191622', -1, '26185189614191622', '\\results\\front_25_26185189422351360.jpg', '2020-09-11 10:28:03');
INSERT INTO `aoi_results` VALUES ('26185189423973378', 0, 0.48281285167, '26185189158257664', '6030,4050,26,30', '490,1016,52,60', '26185189614191622', -1, '26185189614191622', '\\results\\front_25_26185189422351360.jpg', '2020-09-11 10:28:03');
INSERT INTO `aoi_results` VALUES ('26185189426217984', 1, 0.74139732122, '26185189158257664', '7564,4389,30,26', '500,936,60,52', '26185189614191618', -1, '26185189614191618', '\\results\\back_26_26185189425234944.jpg', '2020-09-11 10:28:03');
INSERT INTO `aoi_results` VALUES ('26185189430019072', 0, 0.79314601421, '26185189158257664', '6197,3177,31,33', '824,1306,62,66', '26185189614191619', -1, '26185189614191619', '\\results\\front_26_26185189428397056.jpg', '2020-09-11 10:28:03');
INSERT INTO `aoi_results` VALUES ('26185189430019073', 0, 0.79067784548, '26185189158257664', '6164,3175,29,31', '758,1302,58,62', '26185189614191619', -1, '26185189614191619', '\\results\\front_26_26185189428397056.jpg', '2020-09-11 10:28:03');
INSERT INTO `aoi_results` VALUES ('26185189430019074', 0, 0.78568601608, '26185189158257664', '6045,3145,30,32', '520,1242,60,64', '26185189614191617', -1, '26185189614191617', '\\results\\front_26_26185189428397056.jpg', '2020-09-11 10:28:03');
INSERT INTO `aoi_results` VALUES ('26185189430035456', 0, 0.79363507032, '26185189158257664', '6007,3052,27,33', '444,1056,54,66', '26185189614191617', -1, '26185189614191617', '\\results\\front_26_26185189428397056.jpg', '2020-09-11 10:28:03');
INSERT INTO `aoi_results` VALUES ('26185189430035457', 0, 0.93833249807, '26185189158257664', '6038,3367,30,51', '506,1686,60,102', '26185189614191617', -1, '26185189614191617', '\\results\\front_26_26185189428397056.jpg', '2020-09-11 10:28:03');
INSERT INTO `aoi_results` VALUES ('26185189430035458', 0, 0.95594292879, '26185189158257664', '6043,3105,33,30', '516,1162,66,60', '26185189614191617', -1, '26185189614191617', '\\results\\front_26_26185189428397056.jpg', '2020-09-11 10:28:03');
INSERT INTO `aoi_results` VALUES ('26185189432525824', 1, 0.78719741106, '26185189158257664', '6812,3923,38,36', '1032,4,76,72', '26185189614191622', -1, '26185189614191622', '\\results\\back_27_26185189431215104.jpg', '2020-09-11 10:28:04');
INSERT INTO `aoi_results` VALUES ('26185189432525825', 1, 0.76683521271, '26185189158257664', '6820,4051,34,27', '1048,260,68,54', '26185189614191622', -1, '26185189614191622', '\\results\\back_27_26185189431215104.jpg', '2020-09-11 10:28:04');
INSERT INTO `aoi_results` VALUES ('26185189432525826', 1, 0.65659427643, '26185189158257664', '6822,3990,34,28', '1052,138,68,56', '26185189614191622', -1, '26185189614191622', '\\results\\back_27_26185189431215104.jpg', '2020-09-11 10:28:04');
INSERT INTO `aoi_results` VALUES ('26185189432525827', 1, 0.24080139399, '26185189158257664', '7090,3922,40,32', '1588,2,80,64', '26185189614191622', -1, '26185189614191622', '\\results\\back_27_26185189431215104.jpg', '2020-09-11 10:28:04');
INSERT INTO `aoi_results` VALUES ('26185189435524096', 0, 0.81599676609, '26185189158257664', '7256,2894,137,151', '1744,724,274,302', '26185189614191619', -1, '26185189614191619', '\\results\\front_27_26185189434360832.jpg', '2020-09-11 10:28:04');
INSERT INTO `aoi_results` VALUES ('26185189436244992', 0, 0.73866134882, '26185189158257664', '7185,3336,29,23', '1602,1608,58,46', '26185189614191616', -1, '26185189614191616', '\\results\\front_27_26185189434360832.jpg', '2020-09-11 10:28:04');
INSERT INTO `aoi_results` VALUES ('26185189436244993', 0, 0.87190181017, '26185189158257664', '6930,3278,32,21', '1092,1492,64,42', '26185189614191616', -1, '26185189614191616', '\\results\\front_27_26185189434360832.jpg', '2020-09-11 10:28:04');
INSERT INTO `aoi_results` VALUES ('26185189436244994', 0, 0.96602612734, '26185189158257664', '7069,3309,41,23', '1370,1554,82,46', '26185189614191616', -1, '26185189614191616', '\\results\\front_27_26185189434360832.jpg', '2020-09-11 10:28:04');
INSERT INTO `aoi_results` VALUES ('26185189438391296', 1, 0.96163839102, '26185189158257664', '5917,4386,27,26', '506,944,54,52', '26185189614191618', -1, '26185189614191618', '\\results\\back_28_26185189437064192.jpg', '2020-09-11 10:28:04');
INSERT INTO `aoi_results` VALUES ('26185189441651712', 0, 0.85937273502, '26185189158257664', '7336,1988,30,33', '1904,948,60,66', '26185189614191619', -1, '26185189614191619', '\\results\\front_28_26185189440373760.jpg', '2020-09-11 10:28:04');
INSERT INTO `aoi_results` VALUES ('26185189441963008', 0, 0.84865713120, '26185189158257664', '6858,2396,30,32', '948,1764,60,64', '26185189614191619', -1, '26185189614191619', '\\results\\front_28_26185189440373760.jpg', '2020-09-11 10:28:04');
INSERT INTO `aoi_results` VALUES ('26185189444076544', 1, 0.54335522652, '26185189158257664', '5821,2943,33,28', '314,94,66,56', '26185189614191622', -1, '26185189614191622', '\\results\\back_29_26185189443175424.jpg', '2020-09-11 10:28:04');
INSERT INTO `aoi_results` VALUES ('26185189444076545', 1, 0.25769057870, '26185189158257664', '5777,3304,23,20', '226,816,46,40', '26185189614191622', -1, '26185189614191622', '\\results\\back_29_26185189443175424.jpg', '2020-09-11 10:28:04');
INSERT INTO `aoi_results` VALUES ('26185189444076546', 1, 0.22478057444, '26185189158257664', '6150,3258,24,30', '972,724,48,60', '26185189614191622', -1, '26185189614191622', '\\results\\back_29_26185189443175424.jpg', '2020-09-11 10:28:04');
INSERT INTO `aoi_results` VALUES ('26185189444076547', 1, 0.95263642073, '26185189158257664', '6091,2964,32,34', '854,136,64,68', '26185189614191617', -1, '26185189614191617', '\\results\\back_29_26185189443175424.jpg', '2020-09-11 10:28:04');
INSERT INTO `aoi_results` VALUES ('26185189444387840', 1, 0.94150102139, '26185189158257664', '6170,3193,22,36', '1012,594,44,72', '26185189614191617', -1, '26185189614191617', '\\results\\back_29_26185189443175424.jpg', '2020-09-11 10:28:04');
INSERT INTO `aoi_results` VALUES ('26185189444387841', 1, 0.84805083275, '26185189158257664', '6170,3256,20,31', '1012,720,40,62', '26185189614191617', -1, '26185189614191617', '\\results\\back_29_26185189443175424.jpg', '2020-09-11 10:28:04');
INSERT INTO `aoi_results` VALUES ('26185189444387842', 1, 0.73127055168, '26185189158257664', '6170,2962,17,36', '1012,132,34,72', '26185189614191617', -1, '26185189614191617', '\\results\\back_29_26185189443175424.jpg', '2020-09-11 10:28:04');
INSERT INTO `aoi_results` VALUES ('26185189444748288', 1, 0.76503431797, '26185189158257664', '6135,3403,33,38', '942,1014,66,76', '26185189614191617', -1, '26185189614191617', '\\results\\back_29_26185189443175424.jpg', '2020-09-11 10:28:04');
INSERT INTO `aoi_results` VALUES ('26185189450269696', 1, 0.81235080957, '26185189158257664', '7048,3007,28,27', '1504,208,56,54', '26185189614191622', -1, '26185189614191622', '\\results\\back_30_26185189449024512.jpg', '2020-09-11 10:28:05');
INSERT INTO `aoi_results` VALUES ('26185189450269697', 1, 0.75024396181, '26185189158257664', '6836,3181,29,35', '1080,556,58,70', '26185189614191622', -1, '26185189614191622', '\\results\\back_30_26185189449024512.jpg', '2020-09-11 10:28:05');
INSERT INTO `aoi_results` VALUES ('26185189450269698', 1, 0.39734956622, '26185189158257664', '6898,3194,25,30', '1204,582,50,60', '26185189614191622', -1, '26185189614191622', '\\results\\back_30_26185189449024512.jpg', '2020-09-11 10:28:05');
INSERT INTO `aoi_results` VALUES ('26185189450269699', 1, 0.39723855257, '26185189158257664', '7089,2965,29,29', '1586,124,58,58', '26185189614191622', -1, '26185189614191622', '\\results\\back_30_26185189449024512.jpg', '2020-09-11 10:28:05');
INSERT INTO `aoi_results` VALUES ('26185189450925056', 1, 0.91759562492, '26185189158257664', '7246,3854,30,26', '1900,1902,60,52', '26185189614191618', -1, '26185189614191618', '\\results\\back_30_26185189449024512.jpg', '2020-09-11 10:28:05');
INSERT INTO `aoi_results` VALUES ('26185189450925057', 1, 0.77869844437, '26185189158257664', '7204,3680,29,28', '1816,1554,58,56', '26185189614191617', -1, '26185189614191617', '\\results\\back_30_26185189449024512.jpg', '2020-09-11 10:28:05');
INSERT INTO `aoi_results` VALUES ('26185189453349888', 0, 0.76943087578, '26185189158257664', '5724,1980,28,31', '1914,948,56,62', '26185189614191619', -1, '26185189614191619', '\\results\\front_30_26185189452137472.jpg', '2020-09-11 10:28:05');
INSERT INTO `aoi_results` VALUES ('26185189453710336', 0, 0.96055239439, '26185189158257664', '5227,2416,46,60', '920,1820,92,120', '26185189614191619', -1, '26185189614191619', '\\results\\front_30_26185189452137472.jpg', '2020-09-11 10:28:05');
INSERT INTO `aoi_results` VALUES ('26185189456806912', 1, 0.39277380705, '26185189158257664', '7197,2444,26,24', '1802,1118,52,48', '26185189614191622', -1, '26185189614191622', '\\results\\back_31_26185189454889984.jpg', '2020-09-11 10:28:05');
INSERT INTO `aoi_results` VALUES ('26185189462344704', 1, 0.75146675110, '26185189158257664', '5724,2428,26,34', '120,1100,52,68', '26185189614191622', -1, '26185189614191622', '\\results\\back_32_26185189460640768.jpg', '2020-09-11 10:28:05');
INSERT INTO `aoi_results` VALUES ('26185189462344705', 1, 0.24607627094, '26185189158257664', '5664,2426,28,38', '0,1096,56,76', '26185189614191622', -1, '26185189614191622', '\\results\\back_32_26185189460640768.jpg', '2020-09-11 10:28:05');
INSERT INTO `aoi_results` VALUES ('26185189462344706', 1, 0.22691990435, '26185189158257664', '5774,2405,32,41', '220,1054,64,82', '26185189614191622', -1, '26185189614191622', '\\results\\back_32_26185189460640768.jpg', '2020-09-11 10:28:05');
INSERT INTO `aoi_results` VALUES ('26185189462344707', 1, 0.84538811445, '26185189158257664', '5953,2384,35,29', '578,1012,70,58', '26185189614191617', -1, '26185189614191617', '\\results\\back_32_26185189460640768.jpg', '2020-09-11 10:28:05');
INSERT INTO `aoi_results` VALUES ('26185189462672384', 1, 0.87461686134, '26185189158257664', '6182,2441,32,27', '1036,1126,64,54', '26185189614191623', -1, '26185189614191623', '\\results\\back_32_26185189460640768.jpg', '2020-09-11 10:28:05');
INSERT INTO `aoi_results` VALUES ('26185189468226560', 1, 0.38668045402, '26185189158257664', '5370,2261,33,42', '1448,766,66,84', '26185189614191622', -1, '26185189614191622', '\\results\\back_33_26185189466948608.jpg', '2020-09-11 10:28:06');
INSERT INTO `aoi_results` VALUES ('26185189468832768', 1, 0.21892350912, '26185189158257664', '5153,2430,24,30', '1014,1104,48,60', '26185189614191622', -1, '26185189614191622', '\\results\\back_33_26185189466948608.jpg', '2020-09-11 10:28:06');
INSERT INTO `aoi_results` VALUES ('26185189468832769', 1, 0.66682296991, '26185189158257664', '5552,2439,26,32', '1812,1122,52,64', '26185189614191622', -1, '26185189614191622', '\\results\\back_33_26185189466948608.jpg', '2020-09-11 10:28:06');
INSERT INTO `aoi_results` VALUES ('26185189470880768', 0, 0.88437694311, '26185189158257664', '5229,2527,47,103', '924,6,94,206', '26185189614191619', -1, '26185189614191619', '\\results\\front_33_26185189470012416.jpg', '2020-09-11 10:28:06');
INSERT INTO `aoi_results` VALUES ('26185189471896576', 0, 0.87301474810, '26185189158257664', '5504,3296,26,25', '1474,1544,52,50', '26185189614191617', -1, '26185189614191617', '\\results\\front_33_26185189470012416.jpg', '2020-09-11 10:28:06');
INSERT INTO `aoi_results` VALUES ('26185189474681856', 1, 0.83876907825, '26185189158257664', '4534,2428,36,36', '1012,1116,72,72', '26185189614191623', -1, '26185189614191623', '\\results\\back_34_26185189472748544.jpg', '2020-09-11 10:28:06');
INSERT INTO `aoi_results` VALUES ('26185189474681857', 1, 0.68785500526, '26185189158257664', '4534,2427,36,37', '1012,1114,72,74', '26185189614191622', -1, '26185189614191622', '\\results\\back_34_26185189472748544.jpg', '2020-09-11 10:28:06');
INSERT INTO `aoi_results` VALUES ('26185189474681858', 1, 0.97360867262, '26185189158257664', '4534,2686,34,36', '1012,1632,68,72', '26185189614191619', -1, '26185189614191619', '\\results\\back_34_26185189472748544.jpg', '2020-09-11 10:28:06');
INSERT INTO `aoi_results` VALUES ('26185189477417984', 0, 0.95917874575, '26185189158257664', '5722,4015,33,34', '1910,946,66,68', '26185189614191619', -1, '26185189614191619', '\\results\\front_34_26185189476156416.jpg', '2020-09-11 10:28:06');
INSERT INTO `aoi_results` VALUES ('26185189477417985', 0, 0.86954140663, '26185189158257664', '5492,3599,25,51', '1450,114,50,102', '26185189614191617', -1, '26185189614191617', '\\results\\front_34_26185189476156416.jpg', '2020-09-11 10:28:06');
INSERT INTO `aoi_results` VALUES ('26185189478089728', 0, 0.97270244360, '26185189158257664', '5353,4225,22,33', '1172,1366,44,66', '26185189614191619', -1, '26185189614191619', '\\results\\front_34_26185189476156416.jpg', '2020-09-11 10:28:06');
INSERT INTO `aoi_results` VALUES ('26185189480121344', 1, 0.98606908321, '26185189158257664', '4216,3245,30,27', '376,714,60,54', '26185189614191622', -1, '26185189614191622', '\\results\\back_35_26185189479220224.jpg', '2020-09-11 10:28:06');
INSERT INTO `aoi_results` VALUES ('26185189480121345', 1, 0.88103163242, '26185189158257664', '4506,3197,31,29', '956,618,62,58', '26185189614191622', -1, '26185189614191622', '\\results\\back_35_26185189479220224.jpg', '2020-09-11 10:28:06');
INSERT INTO `aoi_results` VALUES ('26185189480121346', 1, 0.83666324615, '26185189158257664', '4505,3256,33,29', '954,736,66,58', '26185189614191622', -1, '26185189614191622', '\\results\\back_35_26185189479220224.jpg', '2020-09-11 10:28:06');
INSERT INTO `aoi_results` VALUES ('26185189480121347', 1, 0.44246891141, '26185189158257664', '4214,3179,34,28', '372,582,68,56', '26185189614191622', -1, '26185189614191622', '\\results\\back_35_26185189479220224.jpg', '2020-09-11 10:28:06');
INSERT INTO `aoi_results` VALUES ('26185189480121348', 1, 0.33337506652, '26185189158257664', '4175,2936,34,27', '294,96,68,54', '26185189614191622', -1, '26185189614191622', '\\results\\back_35_26185189479220224.jpg', '2020-09-11 10:28:06');
INSERT INTO `aoi_results` VALUES ('26185189480121349', 1, 0.88238936663, '26185189158257664', '4445,2956,32,35', '834,136,64,70', '26185189614191617', -1, '26185189614191617', '\\results\\back_35_26185189479220224.jpg', '2020-09-11 10:28:06');
INSERT INTO `aoi_results` VALUES ('26185189480121350', 1, 0.98994213343, '26185189158257664', '4502,2955,34,41', '948,134,68,82', '26185189614191617', -1, '26185189614191617', '\\results\\back_35_26185189479220224.jpg', '2020-09-11 10:28:06');
INSERT INTO `aoi_results` VALUES ('26185189480809472', 1, 0.27262780070, '26185189158257664', '4426,3407,27,26', '796,1038,54,52', '26185189614191622', -1, '26185189614191622', '\\results\\back_35_26185189479220224.jpg', '2020-09-11 10:28:07');
INSERT INTO `aoi_results` VALUES ('26185189480809473', 1, 0.72586423159, '26185189158257664', '4489,3399,28,36', '922,1022,56,72', '26185189614191617', -1, '26185189614191617', '\\results\\back_35_26185189479220224.jpg', '2020-09-11 10:28:07');
INSERT INTO `aoi_results` VALUES ('26185189483267072', 0, 0.89470905066, '26185189158257664', '4215,3583,27,31', '112,100,54,62', '26185189614191619', -1, '26185189614191619', '\\results\\front_35_26185189482169344.jpg', '2020-09-11 10:28:07');
INSERT INTO `aoi_results` VALUES ('26185189483774976', 0, 0.97233784199, '26185189158257664', '4299,4078,24,30', '280,1090,48,60', '26185189614191623', -1, '26185189614191623', '\\results\\front_35_26185189482169344.jpg', '2020-09-11 10:28:07');
INSERT INTO `aoi_results` VALUES ('26185189483774977', 0, 0.58493435383, '26185189158257664', '4579,4194,17,21', '840,1322,34,42', '26185189614191623', -1, '26185189614191623', '\\results\\front_35_26185189482169344.jpg', '2020-09-11 10:28:07');
INSERT INTO `aoi_results` VALUES ('26185189483774978', 0, 0.82644110918, '26185189158257664', '4164,4059,37,32', '10,1052,74,64', '26185189614191622', -1, '26185189614191622', '\\results\\front_35_26185189482169344.jpg', '2020-09-11 10:28:07');
INSERT INTO `aoi_results` VALUES ('26185189483791360', 0, 0.98909604549, '26185189158257664', '4219,4101,32,30', '120,1136,64,60', '26185189614191622', -1, '26185189614191622', '\\results\\front_35_26185189482169344.jpg', '2020-09-11 10:28:07');
INSERT INTO `aoi_results` VALUES ('26185189486412800', 1, 0.37604942918, '26185189158257664', '5188,3186,29,33', '1084,580,58,66', '26185189614191622', -1, '26185189614191622', '\\results\\back_36_26185189484971008.jpg', '2020-09-11 10:28:07');
INSERT INTO `aoi_results` VALUES ('26185189486412801', 1, 0.87452644110, '26185189158257664', '5475,3034,30,32', '1658,276,60,64', '26185189614191617', -1, '26185189614191617', '\\results\\back_36_26185189484971008.jpg', '2020-09-11 10:28:07');
INSERT INTO `aoi_results` VALUES ('26185189486412802', 1, 0.88468587399, '26185189158257664', '5254,3193,26,30', '1216,594,52,60', '26185189614191617', -1, '26185189614191617', '\\results\\back_36_26185189484971008.jpg', '2020-09-11 10:28:07');
INSERT INTO `aoi_results` VALUES ('26185189487051776', 1, 0.46639409661, '26185189158257664', '5557,3771,32,30', '1822,1750,64,60', '26185189614191622', -1, '26185189614191622', '\\results\\back_36_26185189484971008.jpg', '2020-09-11 10:28:07');
INSERT INTO `aoi_results` VALUES ('26185189487051777', 1, 0.40114602447, '26185189158257664', '5548,3683,36,34', '1804,1574,72,68', '26185189614191622', -1, '26185189614191622', '\\results\\back_36_26185189484971008.jpg', '2020-09-11 10:28:07');
INSERT INTO `aoi_results` VALUES ('26185189487051778', 1, 0.65377217531, '26185189158257664', '5641,3416,22,30', '1990,1040,44,60', '26185189614191617', -1, '26185189614191617', '\\results\\back_36_26185189484971008.jpg', '2020-09-11 10:28:07');
INSERT INTO `aoi_results` VALUES ('26185189487051779', 1, 0.82422333956, '26185189158257664', '5597,3418,32,25', '1902,1044,64,50', '26185189614191617', -1, '26185189614191617', '\\results\\back_36_26185189484971008.jpg', '2020-09-11 10:28:07');
INSERT INTO `aoi_results` VALUES ('26185189487051780', 1, 0.84740996361, '26185189158257664', '5561,3767,28,32', '1830,1742,56,64', '26185189614191617', -1, '26185189614191617', '\\results\\back_36_26185189484971008.jpg', '2020-09-11 10:28:07');
INSERT INTO `aoi_results` VALUES ('26185189491983360', 1, 0.82673150301, '26185189158257664', '5413,3990,26,30', '1534,152,52,60', '26185189614191617', -1, '26185189614191617', '\\results\\back_37_26185189490738176.jpg', '2020-09-11 10:28:07');
INSERT INTO `aoi_results` VALUES ('26185189491999744', 1, 0.73204708099, '26185189158257664', '5416,4061,25,32', '1540,294,50,64', '26185189614191617', -1, '26185189614191617', '\\results\\back_37_26185189490738176.jpg', '2020-09-11 10:28:07');
INSERT INTO `aoi_results` VALUES ('26185189491999745', 1, 0.92431187630, '26185189158257664', '5252,4065,33,31', '1212,302,66,62', '26185189614191617', -1, '26185189614191617', '\\results\\back_37_26185189490738176.jpg', '2020-09-11 10:28:07');
INSERT INTO `aoi_results` VALUES ('26185189492605952', 1, 0.56737601757, '26185189158257664', '5248,4446,27,37', '1204,1064,54,74', '26185189614191622', -1, '26185189614191622', '\\results\\back_37_26185189490738176.jpg', '2020-09-11 10:28:07');
INSERT INTO `aoi_results` VALUES ('26185189495342080', 0, 0.95754671097, '26185189158257664', '2523,4095,30,61', '0,1134,60,122', '26185189614191622', -1, '26185189614191622', '\\results\\front_37_26185189493834752.jpg', '2020-09-11 10:28:07');
INSERT INTO `aoi_results` VALUES ('26185189495342081', 0, 0.90652519464, '26185189158257664', '2746,4192,26,30', '446,1328,52,60', '26185189614191622', -1, '26185189614191622', '\\results\\front_37_26185189493834752.jpg', '2020-09-11 10:28:07');
INSERT INTO `aoi_results` VALUES ('26185189495342082', 0, 0.90396058559, '26185189158257664', '2689,4126,30,33', '332,1196,60,66', '26185189614191622', -1, '26185189614191622', '\\results\\front_37_26185189493834752.jpg', '2020-09-11 10:28:07');
INSERT INTO `aoi_results` VALUES ('26185189495342083', 0, 0.58214676380, '26185189158257664', '2690,4173,36,46', '334,1290,72,92', '26185189614191622', -1, '26185189614191622', '\\results\\front_37_26185189493834752.jpg', '2020-09-11 10:28:07');
INSERT INTO `aoi_results` VALUES ('26185189495342084', 0, 0.54719811678, '26185189158257664', '2634,4103,30,38', '222,1150,60,76', '26185189614191622', -1, '26185189614191622', '\\results\\front_37_26185189493834752.jpg', '2020-09-11 10:28:07');
INSERT INTO `aoi_results` VALUES ('26185189495342085', 0, 0.45893600583, '26185189158257664', '2634,4138,30,75', '222,1220,60,150', '26185189614191622', -1, '26185189614191622', '\\results\\front_37_26185189493834752.jpg', '2020-09-11 10:28:07');
INSERT INTO `aoi_results` VALUES ('26185189495342086', 0, 0.37419745326, '26185189158257664', '2523,4170,27,52', '0,1284,54,104', '26185189614191622', -1, '26185189614191622', '\\results\\front_37_26185189493834752.jpg', '2020-09-11 10:28:07');
INSERT INTO `aoi_results` VALUES ('26185189500929024', 0, 0.65425634384, '26185189158257664', '2523,2878,38,70', '0,736,76,140', '26185189614191619', -1, '26185189614191619', '\\results\\front_38_26185189500011520.jpg', '2020-09-11 10:28:08');
INSERT INTO `aoi_results` VALUES ('26185189501551616', 0, 0.87522554398, '26185189158257664', '2523,3111,36,81', '0,1202,72,162', '26185189614191619', -1, '26185189614191619', '\\results\\front_38_26185189500011520.jpg', '2020-09-11 10:28:08');
INSERT INTO `aoi_results` VALUES ('26185189504107520', 1, 0.94411873817, '26185189158257664', '3603,4066,38,40', '1186,320,76,80', '26185189614191618', -1, '26185189614191618', '\\results\\back_39_26185189502829568.jpg', '2020-09-11 10:28:08');
INSERT INTO `aoi_results` VALUES ('26185189504107521', 1, 0.80811971426, '26185189158257664', '3522,4052,47,34', '1024,292,94,68', '26185189614191618', -1, '26185189614191618', '\\results\\back_39_26185189502829568.jpg', '2020-09-11 10:28:08');
INSERT INTO `aoi_results` VALUES ('26185189504107522', 1, 0.93851929903, '26185189158257664', '3521,3924,37,41', '1022,36,74,82', '26185189614191617', -1, '26185189614191617', '\\results\\back_39_26185189502829568.jpg', '2020-09-11 10:28:08');
INSERT INTO `aoi_results` VALUES ('26185189506941952', 0, 0.77001428604, '26185189158257664', '3564,2519,66,87', '846,8,132,174', '26185189614191619', -1, '26185189614191619', '\\results\\front_39_26185189506057216.jpg', '2020-09-11 10:28:08');
INSERT INTO `aoi_results` VALUES ('26185189507253248', 0, 0.96777981520, '26185189158257664', '3647,2806,24,33', '1012,582,48,66', '26185189614191619', -1, '26185189614191619', '\\results\\front_39_26185189506057216.jpg', '2020-09-11 10:28:08');
INSERT INTO `aoi_results` VALUES ('26185189507253249', 0, 0.71391284466, '26185189158257664', '3993,2935,150,88', '1704,840,300,176', '26185189614191619', -1, '26185189614191619', '\\results\\front_39_26185189506057216.jpg', '2020-09-11 10:28:08');
INSERT INTO `aoi_results` VALUES ('26185189507253250', 0, 0.65045160055, '26185189158257664', '3978,2515,70,32', '1674,0,140,64', '26185189614191619', -1, '26185189614191619', '\\results\\front_39_26185189506057216.jpg', '2020-09-11 10:28:08');
INSERT INTO `aoi_results` VALUES ('26185189507892224', 0, 0.88008856773, '26185189158257664', '3913,3082,29,31', '1544,1134,58,62', '26185189614191619', -1, '26185189614191619', '\\results\\front_39_26185189506057216.jpg', '2020-09-11 10:28:08');
INSERT INTO `aoi_results` VALUES ('26185189507892225', 0, 0.86856949329, '26185189158257664', '4080,3099,76,121', '1878,1168,152,242', '26185189614191619', -1, '26185189614191619', '\\results\\front_39_26185189506057216.jpg', '2020-09-11 10:28:08');
INSERT INTO `aoi_results` VALUES ('26185189507892226', 0, 0.74166166782, '26185189158257664', '4122,3075,37,40', '1962,1120,74,80', '26185189614191619', -1, '26185189614191619', '\\results\\front_39_26185189506057216.jpg', '2020-09-11 10:28:08');
INSERT INTO `aoi_results` VALUES ('26185189510005760', 1, 0.97210961580, '26185189158257664', '2627,4377,28,24', '474,902,56,48', '26185189614191618', -1, '26185189614191618', '\\results\\back_40_26185189509153792.jpg', '2020-09-11 10:28:08');
INSERT INTO `aoi_results` VALUES ('26185189513397248', 0, 0.86708396673, '26185189158257664', '4097,1971,29,30', '1912,948,58,60', '26185189614191618', -1, '26185189614191618', '\\results\\front_40_26185189512086528.jpg', '2020-09-11 10:28:09');
INSERT INTO `aoi_results` VALUES ('26185189513708544', 0, 0.86451381445, '26185189158257664', '3573,2332,80,186', '864,1670,160,372', '26185189614191619', -1, '26185189614191619', '\\results\\front_40_26185189512086528.jpg', '2020-09-11 10:28:09');
INSERT INTO `aoi_results` VALUES ('26185189515756544', 1, 0.95053720474, '26185189158257664', '2861,3191,36,32', '942,566,72,64', '26185189614191622', -1, '26185189614191622', '\\results\\back_41_26185189514839040.jpg', '2020-09-11 10:28:09');
INSERT INTO `aoi_results` VALUES ('26185189515756545', 1, 0.85705053806, '26185189158257664', '2800,2954,31,39', '820,92,62,78', '26185189614191622', -1, '26185189614191622', '\\results\\back_41_26185189514839040.jpg', '2020-09-11 10:28:09');
INSERT INTO `aoi_results` VALUES ('26185189515756546', 1, 0.60411906242, '26185189158257664', '2860,2952,31,41', '940,88,62,82', '26185189614191622', -1, '26185189614191622', '\\results\\back_41_26185189514839040.jpg', '2020-09-11 10:28:09');
INSERT INTO `aoi_results` VALUES ('26185189515756547', 1, 0.54100388288, '26185189158257664', '2786,3396,28,23', '792,976,56,46', '26185189614191622', -1, '26185189614191622', '\\results\\back_41_26185189514839040.jpg', '2020-09-11 10:28:09');
INSERT INTO `aoi_results` VALUES ('26185189515756548', 1, 0.45918092132, '26185189158257664', '2524,2932,39,30', '268,48,78,60', '26185189614191622', -1, '26185189614191622', '\\results\\back_41_26185189514839040.jpg', '2020-09-11 10:28:09');
INSERT INTO `aoi_results` VALUES ('26185189515756549', 1, 0.98902660608, '26185189158257664', '2580,3235,27,31', '380,654,54,62', '26185189614191617', -1, '26185189614191617', '\\results\\back_41_26185189514839040.jpg', '2020-09-11 10:28:09');
INSERT INTO `aoi_results` VALUES ('26185189516428288', 1, 0.98706501722, '26185189158257664', '2742,3583,22,24', '704,1350,44,48', '26185189614191620', -1, '26185189614191620', '\\results\\back_41_26185189514839040.jpg', '2020-09-11 10:28:09');
INSERT INTO `aoi_results` VALUES ('26185189516428289', 1, 0.84142124653, '26185189158257664', '2465,3481,23,29', '150,1146,46,58', '26185189614191618', -1, '26185189614191618', '\\results\\back_41_26185189514839040.jpg', '2020-09-11 10:28:09');
INSERT INTO `aoi_results` VALUES ('26185189519361024', 0, 0.64390754700, '26185189158257664', '2847,1998,46,24', '648,1012,92,48', '26185189614191619', -1, '26185189614191619', '\\results\\front_41_26185189517706240.jpg', '2020-09-11 10:28:09');
INSERT INTO `aoi_results` VALUES ('26185189521490944', 1, 0.27681821585, '26185189158257664', '3499,3037,22,39', '978,298,44,78', '26185189614191623', -1, '26185189614191623', '\\results\\back_42_26185189520573440.jpg', '2020-09-11 10:28:09');
INSERT INTO `aoi_results` VALUES ('26185189521490945', 1, 0.21702946723, '26185189158257664', '3499,3127,23,27', '978,478,46,54', '26185189614191623', -1, '26185189614191623', '\\results\\back_42_26185189520573440.jpg', '2020-09-11 10:28:09');
INSERT INTO `aoi_results` VALUES ('26185189521851392', 1, 0.62408363819, '26185189158257664', '4002,3040,25,38', '1984,304,50,76', '26185189614191622', -1, '26185189614191622', '\\results\\back_42_26185189520573440.jpg', '2020-09-11 10:28:09');
INSERT INTO `aoi_results` VALUES ('26185189521851393', 1, 0.41009825468, '26185189158257664', '3797,2964,29,34', '1574,152,58,68', '26185189614191622', -1, '26185189614191622', '\\results\\back_42_26185189520573440.jpg', '2020-09-11 10:28:09');
INSERT INTO `aoi_results` VALUES ('26185189521851394', 1, 0.40527215600, '26185189158257664', '3753,3004,27,27', '1486,232,54,54', '26185189614191622', -1, '26185189614191622', '\\results\\back_42_26185189520573440.jpg', '2020-09-11 10:28:09');
INSERT INTO `aoi_results` VALUES ('26185189521851395', 1, 0.27153250575, '26185189158257664', '3540,3183,30,34', '1060,590,60,68', '26185189614191622', -1, '26185189614191622', '\\results\\back_42_26185189520573440.jpg', '2020-09-11 10:28:09');
INSERT INTO `aoi_results` VALUES ('26185189521851396', 1, 0.87823343277, '26185189158257664', '3884,3033,34,43', '1748,290,68,86', '26185189614191617', -1, '26185189614191617', '\\results\\back_42_26185189520573440.jpg', '2020-09-11 10:28:09');
INSERT INTO `aoi_results` VALUES ('26185189521851397', 1, 0.91525536776, '26185189158257664', '3608,3188,25,34', '1196,600,50,68', '26185189614191617', -1, '26185189614191617', '\\results\\back_42_26185189520573440.jpg', '2020-09-11 10:28:09');
INSERT INTO `aoi_results` VALUES ('26185189521851398', 1, 0.96388530731, '26185189158257664', '3825,3027,31,44', '1630,278,62,88', '26185189614191617', -1, '26185189614191617', '\\results\\back_42_26185189520573440.jpg', '2020-09-11 10:28:09');
INSERT INTO `aoi_results` VALUES ('26185189522523136', 1, 0.98282539845, '26185189158257664', '3911,3769,29,32', '1802,1762,58,64', '26185189614191622', -1, '26185189614191622', '\\results\\back_42_26185189520573440.jpg', '2020-09-11 10:28:09');
INSERT INTO `aoi_results` VALUES ('26185189522523137', 1, 0.22733272612, '26185189158257664', '3650,3428,53,31', '1280,1080,106,62', '26185189614191622', -1, '26185189614191622', '\\results\\back_42_26185189520573440.jpg', '2020-09-11 10:28:09');
INSERT INTO `aoi_results` VALUES ('26185189522523138', 1, 0.90466767550, '26185189158257664', '3643,3717,43,49', '1266,1658,86,98', '26185189614191617', -1, '26185189614191617', '\\results\\back_42_26185189520573440.jpg', '2020-09-11 10:28:09');
INSERT INTO `aoi_results` VALUES ('26185189522523139', 1, 0.91793513298, '26185189158257664', '3825,3449,27,27', '1630,1122,54,54', '26185189614191618', -1, '26185189614191618', '\\results\\back_42_26185189520573440.jpg', '2020-09-11 10:28:09');
INSERT INTO `aoi_results` VALUES ('26185189530780672', 0, 0.85646337271, '26185189158257664', '1935,2514,26,36', '860,8,52,72', '26185189614191619', -1, '26185189614191619', '\\results\\front_43_26185189529814016.jpg', '2020-09-11 10:28:10');
INSERT INTO `aoi_results` VALUES ('26185189531747328', 0, 0.96624743938, '26185189158257664', '2392,3084,117,145', '1774,1148,234,290', '26185189614191619', -1, '26185189614191619', '\\results\\front_43_26185189529814016.jpg', '2020-09-11 10:28:10');
INSERT INTO `aoi_results` VALUES ('26185189531747329', 0, 0.84040033817, '26185189158257664', '2336,3483,27,38', '1662,1946,54,76', '26185189614191619', -1, '26185189614191619', '\\results\\front_43_26185189529814016.jpg', '2020-09-11 10:28:10');
INSERT INTO `aoi_results` VALUES ('26185189533565952', 1, 0.30440434813, '26185189158257664', '2601,2368,33,32', '422,956,66,64', '26185189614191622', -1, '26185189614191622', '\\results\\back_44_26185189532648448.jpg', '2020-09-11 10:28:10');
INSERT INTO `aoi_results` VALUES ('26185189534237696', 1, 0.78396755457, '26185189158257664', '2489,2422,33,36', '198,1064,66,72', '26185189614191622', -1, '26185189614191622', '\\results\\back_44_26185189532648448.jpg', '2020-09-11 10:28:10');
INSERT INTO `aoi_results` VALUES ('26185189534237697', 1, 0.28004419804, '26185189158257664', '2390,2410,14,42', '0,1040,28,84', '26185189614191622', -1, '26185189614191622', '\\results\\back_44_26185189532648448.jpg', '2020-09-11 10:28:10');
INSERT INTO `aoi_results` VALUES ('26185189534581760', 1, 0.56431329250, '26185189158257664', '2896,2431,28,38', '1012,1082,56,76', '26185189614191622', -1, '26185189614191622', '\\results\\back_44_26185189532648448.jpg', '2020-09-11 10:28:10');
INSERT INTO `aoi_results` VALUES ('26185189537317888', 0, 0.30350509286, '26185189158257664', '1943,4034,39,22', '876,1012,78,44', '26185189614191622', -1, '26185189614191622', '\\results\\front_44_26185189535761408.jpg', '2020-09-11 10:28:10');
INSERT INTO `aoi_results` VALUES ('26185189537317889', 0, 0.30283251405, '26185189158257664', '2003,4034,13,28', '996,1012,26,56', '26185189614191622', -1, '26185189614191622', '\\results\\front_44_26185189535761408.jpg', '2020-09-11 10:28:10');
INSERT INTO `aoi_results` VALUES ('26185189537629184', 0, 0.95552861691, '26185189158257664', '2348,4111,31,53', '1686,1166,62,106', '26185189614191622', -1, '26185189614191622', '\\results\\front_44_26185189535761408.jpg', '2020-09-11 10:28:10');
INSERT INTO `aoi_results` VALUES ('26185189537629185', 0, 0.95538449287, '26185189158257664', '2120,4163,32,65', '1230,1270,64,130', '26185189614191622', -1, '26185189614191622', '\\results\\front_44_26185189535761408.jpg', '2020-09-11 10:28:10');
INSERT INTO `aoi_results` VALUES ('26185189537629186', 0, 0.56630146503, '26185189158257664', '2176,4086,33,131', '1342,1116,66,262', '26185189614191622', -1, '26185189614191622', '\\results\\front_44_26185189535761408.jpg', '2020-09-11 10:28:10');
INSERT INTO `aoi_results` VALUES ('26185189537629187', 0, 0.92284077406, '26185189158257664', '2011,4071,27,81', '1012,1086,54,162', '26185189614191617', -1, '26185189614191617', '\\results\\front_44_26185189535761408.jpg', '2020-09-11 10:28:10');
INSERT INTO `aoi_results` VALUES ('26185189539808256', 1, 0.59356105328, '26185189158257664', '2312,2252,40,30', '1880,724,80,60', '26185189614191622', -1, '26185189614191622', '\\results\\back_45_26185189538546688.jpg', '2020-09-11 10:28:10');
INSERT INTO `aoi_results` VALUES ('26185189540103168', 1, 0.85001617670, '26185189158257664', '1845,2396,39,60', '946,1012,78,120', '26185189614191617', -1, '26185189614191617', '\\results\\back_45_26185189538546688.jpg', '2020-09-11 10:28:10');
INSERT INTO `aoi_results` VALUES ('26185189540414464', 1, 0.98292362690, '26185189158257664', '2200,2423,33,46', '1656,1066,66,92', '26185189614191622', -1, '26185189614191622', '\\results\\back_45_26185189538546688.jpg', '2020-09-11 10:28:10');
INSERT INTO `aoi_results` VALUES ('26185189545493504', 1, 0.88321179152, '26185189158257664', '2154,3264,31,27', '1564,712,62,54', '26185189614191618', -1, '26185189614191618', '\\results\\back_46_26185189544215552.jpg', '2020-09-11 10:28:10');
INSERT INTO `aoi_results` VALUES ('26185189545493505', 1, 0.81694465876, '26185189158257664', '2355,3038,33,32', '1966,260,66,64', '26185189614191617', -1, '26185189614191617', '\\results\\back_46_26185189544215552.jpg', '2020-09-11 10:28:10');
INSERT INTO `aoi_results` VALUES ('26185189545493506', 1, 0.92432874441, '26185189158257664', '2299,2950,27,35', '1854,84,54,70', '26185189614191617', -1, '26185189614191617', '\\results\\back_46_26185189544215552.jpg', '2020-09-11 10:28:10');
INSERT INTO `aoi_results` VALUES ('26185189545493507', 1, 0.98944187164, '26185189158257664', '2179,3028,29,31', '1614,240,58,62', '26185189614191617', -1, '26185189614191617', '\\results\\back_46_26185189544215552.jpg', '2020-09-11 10:28:10');
INSERT INTO `aoi_results` VALUES ('26185189545788416', 1, 0.21422824264, '26185189158257664', '1864,3866,19,27', '984,1916,38,54', '26185189614191622', -1, '26185189614191622', '\\results\\back_46_26185189544215552.jpg', '2020-09-11 10:28:10');
INSERT INTO `aoi_results` VALUES ('26185189546099712', 1, 0.60346049070, '26185189158257664', '2263,3677,33,37', '1782,1538,66,74', '26185189614191622', -1, '26185189614191622', '\\results\\back_46_26185189544215552.jpg', '2020-09-11 10:28:10');
INSERT INTO `aoi_results` VALUES ('26185189546099713', 1, 0.89347773790, '26185189158257664', '2305,3851,35,31', '1866,1886,70,62', '26185189614191617', -1, '26185189614191617', '\\results\\back_46_26185189544215552.jpg', '2020-09-11 10:28:10');
INSERT INTO `aoi_results` VALUES ('26185189551375360', 0, 0.62607014179, '26185189158257664', '14003,4000,26,23', '48,978,52,46', '26185189614191622', -1, '26185189614191622', '\\results\\front_45_26185189550457856.jpg', '2020-09-11 10:28:11');
INSERT INTO `aoi_results` VALUES ('26185189552063488', 0, 0.53997534513, '26185189158257664', '14000,4017,35,29', '42,1012,70,58', '26185189614191622', -1, '26185189614191622', '\\results\\front_45_26185189550457856.jpg', '2020-09-11 10:28:11');
INSERT INTO `aoi_results` VALUES ('26185189552063489', 0, 0.27178391814, '26185189158257664', '14351,4155,28,46', '744,1288,56,92', '26185189614191622', -1, '26185189614191622', '\\results\\front_45_26185189550457856.jpg', '2020-09-11 10:28:11');
INSERT INTO `aoi_results` VALUES ('26185189552063490', 0, 0.92103934288, '26185189158257664', '14352,4021,30,45', '746,1020,60,90', '26185189614191617', -1, '26185189614191617', '\\results\\front_45_26185189550457856.jpg', '2020-09-11 10:28:11');
INSERT INTO `aoi_results` VALUES ('26185189552063491', 0, 0.98232597113, '26185189158257664', '14416,4087,23,40', '874,1152,46,80', '26185189614191617', -1, '26185189614191617', '\\results\\front_45_26185189550457856.jpg', '2020-09-11 10:28:11');
INSERT INTO `aoi_results` VALUES ('26185189552407552', 0, 0.32809254527, '26185189158257664', '14485,4022,20,29', '1012,1022,40,58', '26185189614191622', -1, '26185189614191622', '\\results\\front_45_26185189550457856.jpg', '2020-09-11 10:28:11');
INSERT INTO `aoi_results` VALUES ('26185189554177024', 1, 0.88233834505, '26185189158257664', '1887,4048,31,27', '1030,244,62,54', '26185189614191622', -1, '26185189614191622', '\\results\\back_47_26185189552931840.jpg', '2020-09-11 10:28:11');
INSERT INTO `aoi_results` VALUES ('26185189554177025', 1, 0.96986800432, '26185189158257664', '1961,4066,32,31', '1178,280,64,62', '26185189614191617', -1, '26185189614191617', '\\results\\back_47_26185189552931840.jpg', '2020-09-11 10:28:11');
INSERT INTO `aoi_results` VALUES ('26185189559387136', 0, 0.97924417257, '26185189158257664', '14213,3328,24,28', '468,1670,48,56', '26185189614191618', -1, '26185189614191618', '\\results\\front_46_26185189558404096.jpg', '2020-09-11 10:28:11');
INSERT INTO `aoi_results` VALUES ('26185189559387137', 0, 0.85261976719, '26185189158257664', '14197,3447,36,44', '436,1908,72,88', '26185189614191616', -1, '26185189614191616', '\\results\\front_46_26185189558404096.jpg', '2020-09-11 10:28:11');
INSERT INTO `aoi_results` VALUES ('26185189565989888', 0, 0.76585048437, '26185189158257664', '13982,2098,30,44', '6,1246,60,88', '26185189614191619', -1, '26185189614191619', '\\results\\front_47_26185189564007424.jpg', '2020-09-11 10:28:12');

-- ----------------------------
-- Table structure for aoi_softwares
-- ----------------------------
DROP TABLE IF EXISTS `aoi_softwares`;
CREATE TABLE `aoi_softwares`  (
  `id` varchar(50) CHARACTER SET utf8 COLLATE utf8_general_ci NOT NULL,
  `software_name` varchar(255) CHARACTER SET utf8 COLLATE utf8_general_ci NOT NULL COMMENT '制程名',
  `pc_id` varchar(50) CHARACTER SET utf8 COLLATE utf8_general_ci NOT NULL COMMENT '关联主机id',
  `side_number` int(11) NULL DEFAULT NULL COMMENT '1 单面 2 双面',
  `create_time` datetime(0) NOT NULL,
  PRIMARY KEY (`id`) USING BTREE,
  INDEX `pc_id`(`pc_id`) USING BTREE,
  CONSTRAINT `aoi_softwares_ibfk_1` FOREIGN KEY (`pc_id`) REFERENCES `aoi_pcs` (`id`) ON DELETE RESTRICT ON UPDATE RESTRICT
) ENGINE = InnoDB CHARACTER SET = utf8 COLLATE = utf8_general_ci ROW_FORMAT = Compact;

-- ----------------------------
-- Records of aoi_softwares
-- ----------------------------
INSERT INTO `aoi_softwares` VALUES ('26185128046330880', '504-1694-1A', '26185128040694784', 2, '2020-09-11 09:25:37');
INSERT INTO `aoi_softwares` VALUES ('26185189603230720', 'test', '26185189598331904', 2, '2020-09-11 10:28:14');

-- ----------------------------
-- Table structure for aoi_user_groups
-- ----------------------------
DROP TABLE IF EXISTS `aoi_user_groups`;
CREATE TABLE `aoi_user_groups`  (
  `id` int(11) NOT NULL AUTO_INCREMENT,
  `group_name` longtext CHARACTER SET utf8 COLLATE utf8_general_ci NULL,
  `type` int(11) NOT NULL,
  `create_time` datetime(0) NOT NULL,
  PRIMARY KEY (`id`) USING BTREE
) ENGINE = InnoDB AUTO_INCREMENT = 2 CHARACTER SET = utf8 COLLATE = utf8_general_ci ROW_FORMAT = Dynamic;

-- ----------------------------
-- Records of aoi_user_groups
-- ----------------------------
INSERT INTO `aoi_user_groups` VALUES (1, '管理员', 1, '2019-12-20 18:05:00');

-- ----------------------------
-- Table structure for aoi_users
-- ----------------------------
DROP TABLE IF EXISTS `aoi_users`;
CREATE TABLE `aoi_users`  (
  `id` int(11) NOT NULL AUTO_INCREMENT,
  `username` longtext CHARACTER SET utf8 COLLATE utf8_general_ci NULL,
  `password` longtext CHARACTER SET utf8 COLLATE utf8_general_ci NULL,
  `type` int(11) NOT NULL,
  `create_time` datetime(0) NOT NULL,
  `group_id` int(11) NOT NULL,
  PRIMARY KEY (`id`) USING BTREE
) ENGINE = InnoDB AUTO_INCREMENT = 2 CHARACTER SET = utf8 COLLATE = utf8_general_ci ROW_FORMAT = Dynamic;

-- ----------------------------
-- Records of aoi_users
-- ----------------------------
INSERT INTO `aoi_users` VALUES (1, 'admin', '21232f297a57a5a743894a0e4a801fc3', 1, '2019-12-09 17:15:11', 1);

SET FOREIGN_KEY_CHECKS = 1;
